1,0,1-10000ｷｼｮｳ,分１　起床時,起床時におのみ下さい,分１　起床時,0,999,,,-16777216,,48,0,1,1,起床時,,,,,,,,,,,,,,,,,,,,,,,
2,0,1-01000ｱｻﾏｴ,分１　朝食前,朝食前３０分におのみ下さい,分１　朝食前,0,999,,,-16777216,,5,0,1,1,朝,食前,,,,,,,,,,,,,,,,,,,,,,
3,0,1-01000ｱｻｱﾄ,分１　朝食後,朝食後３０分以内におのみ下さい,分１　朝食後,0,999,,,-16777216,,6,0,1,1,朝,食後,,,,,,,,,,,,,,,,,,,,,,
4,0,1-00100ﾋﾙﾏｴ,分１　昼食前,昼食前３０分以内におのみ下さい,分１　昼食前,0,999,,,-16777216,,008,0,1,1,昼,食前,,,,,,,,,,,,,,,,,,,,,,
5,0,1-00100ﾋﾙｱﾄ,分１　昼食後,昼食後３０分以内におのみ下さい,分１　昼食後,0,999,,,-16777216,,9,0,1,1,昼,食後,,,,,,,,,,,,,,,,,,,,,,
6,0,1-00010ﾕｳﾏｴ,分１　夕食前,夕食前３０分におのみ下さい,分１　夕食前,0,999,,,-16777216,,11,0,1,1,夕,食前,,,,,,,,,,,,,,,,,,,,,,
7,0,1-00010ﾕｳｱﾄ,分１　夕食後,夕食後３０分以内におのみ下さい,分１　夕食後,0,999,,,-16777216,,12,0,1,1,夕,食後,,,,,,,,,,,,,,,,,,,,,,
8,0,1-00001ﾈﾙﾏｴ,分１　就寝前,寝る前におのみ下さい,分１　就寝前,0,999,,,-16777216,,13,0,1,1,就寝時,,,,,,,,,,,,,,,,,,,,,,,
9,0,1-24H,分１　２４時間毎,２４時間毎におのみ下さい,分１　２４時間毎,0,999,,,-16777216,,34,1,1,1,その他,,,,,,,,,,,,,,,,,,,,,,,
10,0,1-91,分１　＊,＊におのみ下さい,分１　＊,0,999,,,-16777216,,,1,1,1,その他,,,,,,,,,,,,,,,,,,,,,,,
11,0,1-92,分１　＠,＠におのみ下さい,分１　＠,0,999,,,-16777216,,,1,1,1,その他,,,,,,,,,,,,,,,,,,,,,,,
12,0,2-10100ｷｼｮｳﾋﾙｱﾄ,分２　起床時昼食後,起床時と昼食後３０分以内におのみ下さい,分２　起床時昼食後,0,999,,,-16777216,,,0,1,2,起床時,,昼,食後,,,,,,,,,,,,,,,,,,,,
13,0,2-10010ｷｼｮｳﾕｳｱﾄ,分２　起床時夕食後,起床時と夕食後３０分以内におのみ下さい,分２　起床時夕食後,0,999,,,-16777216,,,0,1,2,起床時,,夕,食後,,,,,,,,,,,,,,,,,,,,
14,0,2-10001ｷｼｮｳﾈﾙﾏｴ,分２　起床時就寝前,起床時と寝る前におのみ下さい,分２　起床時就寝前,0,999,,,-16777216,,,0,1,2,起床時,,就寝時,,,,,,,,,,,,,,,,,,,,,
15,0,2-01100ｱｻﾋﾙﾏｴ,分２　朝昼食前,朝・昼食前３０分におのみ下さい,分２　朝昼食前,0,999,,,-16777216,,15,0,1,2,朝,食前,昼,食前,,,,,,,,,,,,,,,,,,,,
16,0,2-01100ｱｻﾋﾙｱﾄ,分２　朝昼食後,朝・昼食後３０分以内におのみ下さい,分２　朝昼食後,0,999,,,-16777216,,16,0,1,2,朝,食後,昼,食後,,,,,,,,,,,,,,,,,,,,
17,0,2-01010ｱｻﾕｳﾏｴ,分２　朝夕食前,朝・夕食前３０分におのみ下さい,分２　朝夕食前,0,999,,,-16777216,,17,0,1,2,朝,食前,夕,食前,,,,,,,,,,,,,,,,,,,,
18,0,2-01010ｱｻﾕｳｱﾄ,分２　朝夕食後,朝・夕食後３０分以内におのみ下さい,分２　朝夕食後,0,999,,,-16777216,,18,0,1,2,朝,食後,夕,食後,,,,,,,,,,,,,,,,,,,,
19,0,2-01001ｱｻﾏｴﾈﾙﾏｴ,分２　朝食前、就寝前,朝食前３０分と寝る前におのみ下さい,分２　朝食前、就寝前,0,999,,,-16777216,,35,0,1,2,朝,食前,就寝時,,,,,,,,,,,,,,,,,,,,,
20,0,2-01001ｱｻｱﾄﾈﾙﾏｴ,分２　朝食後、就寝前,朝食後３０分以内と寝る前におのみ下さい,分２　朝食後、就寝前,0,999,,,-16777216,,36,0,1,2,朝,食後,就寝時,,,,,,,,,,,,,,,,,,,,,
21,0,2-00110ﾋﾙﾕｳﾏｴ,分２　昼夕食前,昼・夕食前３０分におのみ下さい,分２　昼夕食前,0,999,,,-16777216,,19,0,1,2,昼,食前,夕,食前,,,,,,,,,,,,,,,,,,,,
22,0,2-00110ﾋﾙﾕｳｱﾄ,分２　昼夕食後,昼・夕食後３０分以内におのみ下さい,分２　昼夕食後,0,999,,,-16777216,,20,0,1,2,昼,食後,夕,食後,,,,,,,,,,,,,,,,,,,,
23,0,2-00101ﾋﾙﾏｴﾈﾙﾏｴ,分２　昼食前、就寝前,昼食前３０分と寝る前におのみ下さい,分２　昼食前、就寝前,0,999,,,-16777216,,37,0,1,2,昼,食前,就寝時,,,,,,,,,,,,,,,,,,,,,
24,0,2-00101ﾋﾙｱﾄﾈﾙﾏｴ,分２　昼食後、就寝前,昼食後３０分以内と寝る前におのみ下さい,分２　昼食後、就寝前,0,999,,,-16777216,,38,0,1,2,昼,食後,就寝時,,,,,,,,,,,,,,,,,,,,,
25,0,2-00011ﾕｳﾏｴﾈﾙﾏｴ,分２　夕食前、就寝前,夕食前３０分と寝る前におのみ下さい,分２　夕食前、就寝前,0,999,,,-16777216,,39,0,1,2,夕,食前,就寝時,,,,,,,,,,,,,,,,,,,,,
26,0,2-00011ﾕｳｱﾄﾈﾙﾏｴ,分２　夕食後、就寝前,夕食後３０分以内と寝る前におのみ下さい,分２　夕食後、就寝前,0,999,,,-16777216,,40,0,1,2,夕,食後,就寝時,,,,,,,,,,,,,,,,,,,,,
27,0,2-12H,分２　１２時間毎,１２時間毎におのみ下さい,分２　１２時間毎,0,999,,,-16777216,,33,1,1,2,その他,,,,,,,,,,,,,,,,,,,,,,,
28,0,2-91,分２　＊,＊におのみ下さい,分２　＊,0,999,,,-16777216,,,1,1,2,その他,,,,,,,,,,,,,,,,,,,,,,,
29,0,2-92,分２　＠、＠,＠と＠におのみ下さい,分２　＠、＠,0,999,,,-16777216,,,1,1,2,その他,,,,,,,,,,,,,,,,,,,,,,,
30,0,3-01110ﾏｴ,分３　毎食前,毎食前３０分におのみ下さい,分３　毎食前,0,999,,,-16777216,,1,0,1,3,朝,食前,昼,食前,夕,食前,,,,,,,,,,,,,,,,,,
31,0,3-01110ｱﾄ,分３　毎食後,毎食後３０分以内におのみ下さい,分３　毎食後,0,999,,,-16777216,,3,0,1,3,朝,食後,昼,食後,夕,食後,,,,,,,,,,,,,,,,,,
32,0,3-01110ﾁｮｸｺﾞ,分３　毎食直後,毎食後すぐにおのみ下さい,分３　毎食直後,0,999,,,-16777216,31,003,0,1,3,朝,食直後,昼,食直後,夕,食直後,,,,,,,,,,,,,,,,,,
33,0,3-01110ｱｲﾀﾞ,分３　毎食間,毎食後２時間（空腹時）におのみ下さい,分３　毎食間,0,999,,,-16777216,,2,0,1,3,朝,食間,昼,食間,夕,食間,,,,,,,,,,,,,,,,,,
34,0,3-01101ｱｻﾋﾙﾏｴﾈﾙﾏｴ,分３　朝昼食前、就寝前,朝・昼食前３０分と寝る前におのみ下さい,分３　朝昼食前、就寝前,0,999,,,-16777216,,41,0,1,3,朝,食前,昼,食前,就寝時,,,,,,,,,,,,,,,,,,,
35,0,3-01101ｱｻﾋﾙｱﾄﾈﾙﾏｴ,分３　朝昼食後、就寝前,朝・昼食後３０分以内と寝る前におのみ下さい,分３　朝昼食後、就寝前,0,999,,,-16777216,,42,0,1,3,朝,食後,昼,食後,就寝時,,,,,,,,,,,,,,,,,,,
36,0,3-01011ｱｻﾕｳﾏｴﾈﾙﾏｴ,分３　朝夕食前、就寝前,朝・夕食前３０分と寝る前におのみ下さい,分３　朝夕食前、就寝前,0,999,,,-16777216,,43,0,1,3,朝,食前,夕,食前,就寝時,,,,,,,,,,,,,,,,,,,
37,0,3-01011ｱｻﾕｳｱﾄﾈﾙﾏｴ,分３　朝夕食後、就寝前,朝・夕食後３０分以内と寝る前におのみ下さい,分３　朝夕食後、就寝前,0,999,,,-16777216,,44,0,1,3,朝,食後,夕,食後,就寝時,,,,,,,,,,,,,,,,,,,
38,0,3-00111ﾋﾙﾕｳﾏｴﾈﾙﾏｴ,分３　昼夕食前、就寝前,昼・夕食前３０分と寝る前におのみ下さい,分３　昼夕食前、就寝前,0,999,,,-16777216,,45,0,1,3,昼,食前,夕,食前,就寝時,,,,,,,,,,,,,,,,,,,
39,0,3-00111ﾋﾙﾕｳｱﾄﾈﾙﾏｴ,分３　昼夕食後、就寝前,昼・夕食後３０分以内と寝る前におのみ下さい,分３　昼夕食後、就寝前,0,999,,,-16777216,,46,0,1,3,昼,食後,夕,食後,就寝時,,,,,,,,,,,,,,,,,,,
40,0,3-8H,分３　８時間毎,８時間毎におのみ下さい,分３　８時間毎,0,999,,,-16777216,,29,1,1,3,その他,,,,,,,,,,,,,,,,,,,,,,,
41,0,3-91,分３　＊,＊におのみ下さい,分３　＊,0,999,,,-16777216,,,1,1,3,その他,,,,,,,,,,,,,,,,,,,,,,,
42,0,3-92,分３　＠、＠、＠,＠と＠と＠におのみ下さい,分３　＠、＠、＠,0,999,,,-16777216,,,1,1,3,その他,,,,,,,,,,,,,,,,,,,,,,,
43,0,4-01111ﾏｴﾈﾙﾏｴ,分４　毎食前、就寝前,毎食前３０分と寝る前におのみ下さい,分４　毎食前、就寝前,0,999,,,-16777216,,47,0,1,4,朝,食前,昼,食前,夕,食前,就寝時,,,,,,,,,,,,,,,,,
44,0,4-01111ｱﾄﾈﾙﾏｴ,分４　毎食後、就寝前,毎食後３０分以内と寝る前におのみ下さい,分４　毎食後、就寝前,0,999,,,-16777216,,21,0,1,4,朝,食後,昼,食後,夕,食後,就寝時,,,,,,,,,,,,,,,,,
45,0,4-01111ｱｲﾀﾞﾈﾙﾏｴ,分４　毎食間、就寝前,毎食後２時間（空腹時）と寝る前におのみ下さい,分４　毎食間、就寝前,0,999,,,-16777216,,,0,1,4,朝,食間,昼,食間,夕,食間,就寝時,,,,,,,,,,,,,,,,,
46,0,4-6H,分４　６時間毎,６時間毎におのみ下さい,分４　６時間毎,0,999,,,-16777216,,27,1,1,4,その他,,,,,,,,,,,,,,,,,,,,,,,
47,0,4-91,分４　＊,＊におのみ下さい,分４　＊,0,999,,,-16777216,,,1,1,4,その他,,,,,,,,,,,,,,,,,,,,,,,
48,0,4-92,分４　＠、＠、＠、＠,＠、＠、＠、＠におのみ下さい,分４　＠、＠、＠、＠,0,999,,,-16777216,,,1,1,4,その他,,,,,,,,,,,,,,,,,,,,,,,
49,0,5-11111ｷｼｮｳｼﾞｱﾄﾈﾙﾏｴ,分５　起床時、毎食後、就寝前,起床時と毎食後３０分以内、寝る前におのみ下さい,分５　起床時、毎食後、就寝前,0,999,,,-16777216,,,0,1,5,起床時,,朝,食後,昼,食後,夕,食後,就寝時,,,,,,,,,,,,,,,
50,0,5-4H,分５　４時間毎,４時間毎におのみ下さい,分５　４時間毎,0,999,,,-16777216,,25,1,1,5,その他,,,,,,,,,,,,,,,,,,,,,,,
51,0,5-90,分５　＊時間毎,おおむね＊時間毎におのみ下さい,分５　＊時間毎,0,999,,,-16777216,,,1,1,5,その他,,,,,,,,,,,,,,,,,,,,,,,
52,0,5-91,分５　＊,＊におのみ下さい,分５　＊,0,999,,,-16777216,,,1,1,5,その他,,,,,,,,,,,,,,,,,,,,,,,
53,0,5-92,分５　＠、＠、＠、＠、＠,＠、＠、＠、＠、＠におのみ下さい,分５　＠、＠、＠、＠、＠,0,999,,,-16777216,,,1,1,5,その他,,,,,,,,,,,,,,,,,,,,,,,
54,0,6-4H,分６　４時間毎,４時間毎におのみ下さい,分６　４時間毎,0,999,,,-16777216,,25,1,1,6,その他,,,,,,,,,,,,,,,,,,,,,,,
55,0,6-90,分６　＊時間毎,おおむね＊時間毎におのみ下さい,分６　＊時間毎,0,999,,,-16777216,,,1,1,6,その他,,,,,,,,,,,,,,,,,,,,,,,
56,0,6-91,分６　＊,＊におのみ下さい,分６　＊,0,999,,,-16777216,,,1,1,6,その他,,,,,,,,,,,,,,,,,,,,,,,
57,0,9-92,分＊　＊,１日＊回　＊,分＊　＊,0,999,,,-16777216,,,1,1,0,その他,,,,,,,,,,,,,,,,,,,,,,,
58,0,4-ｼﾞｭﾆｭｳ,分４　授乳時,１日４回、授乳時にのませてあげて下さい,分４　授乳時,0,999,,,-16777216,,14,0,1,4,その他,,,,,,,,,,,,,,,,,,,,,,,
59,0,5-ｼﾞｭﾆｭｳ,分５　授乳時,１日５回、授乳時にのませてあげて下さい,分５　授乳時,0,999,,,-16777216,,14,0,1,5,その他,,,,,,,,,,,,,,,,,,,,,,,
60,0,6-ｼﾞｭﾆｭｳ,分６　授乳時,１日６回、授乳時にのませてあげて下さい,分６　授乳時,0,999,,,-16777216,,14,0,1,6,その他,,,,,,,,,,,,,,,,,,,,,,,
61,0,9-ｼﾞｭﾆｭｳ,分＊　授乳時,１日＊回、授乳時にのませてあげて下さい,分＊　授乳時,0,999,,,-16777216,,14,1,1,0,,,,,,,,,,,,,,,,,,,,,,,,
62,6,ｶﾞｲﾖｳ,外用,外用,外用,0,999,,,-16777216,,,1,1,0,,,,,,,,,,,,,,,,,,,,,,,,
63,0,1-01000,分１　朝服用,朝にお飲み下さい,分１　朝服用,0,999,,,-16777216,,004,0,1,1,朝,食後,,,,,,,,,,,,,,,,,,,,,,
64,6,ｲｼｼｼﾞ,外用医師の指示通り,外用医師の指示通り,外用医師の指示通り,0,999,,,-16777216,,,1,1,0,,,,,,,,,,,,,,,,,,,,,,,,
65,7,ﾁｭｳｼｬ,注射,注射,注射,0,999,,,-16777216,,,1,1,0,,,,,,,,,,,,,,,,,,,,,,,,
66,5,ｶﾞｲｿｳ,咳嗽時,咳嗽時,咳嗽時,0,999,,,-16777216,,,1,1,0,,,,,,,,,,,,,,,,,,,,,,,,
67,0,1-ｲｼｼｼﾞ,１日１回医師の指示通り,１日１回医師の指示通り,１日１回医師の指示通り,0,999,,,-16777216,,900,1,1,1,その他,,,,,,,,,,,,,,,,,,,,,,,
68,6,ｺﾝﾜ,外用混和,外用混和,外用混和,0,999,,,-16777216,,,1,1,0,,,,,,,,,,,,,,,,,,,,,,,,
69,5,ｲｼｼｼﾞ,頓服医師の指示通り,頓服医師の指示通り,頓服医師の指示通り,0,999,,,-16777216,,,1,1,0,,,,,,,,,,,,,,,,,,,,,,,,
70,0,3-ｲｼｼｼﾞ,１日３回医師の指示通り,１日３回医師の指示通り,１日３回医師の指示通り,0,999,,,-16777216,,900,1,1,3,その他,,,,,,,,,,,,,,,,,,,,,,,
71,0,2-ｲｼｼｼﾞ,１日２回医師の指示通り,１日２回医師の指示通り,１日２回医師の指示通り,0,999,,,-16777216,,900,1,1,2,その他,,,,,,,,,,,,,,,,,,,,,,,
72,4,ﾅｲﾃｷ,内滴医師の指示通り,内滴医師の指示通り,内滴医師の指示通り,0,999,,,-16777216,,,1,1,0,,,,,,,,,,,,,,,,,,,,,,,,
73,5,ﾌｵﾝ,不穏時,不穏時,不穏時,0,999,,,-16777216,,,1,1,0,,,,,,,,,,,,,,,,,,,,,,,,
74,7,C,ＣＡＰＤ,ＣＡＰＤ,ＣＡＰＤ,0,999,,,-16777216,,,1,1,0,,,,,,,,,,,,,,,,,,,,,,,,
75,0,1-01000ｱｻ,１日１回朝食間,１日１回朝食間,１日１回朝食間,0,999,,,-16777216,,900,1,1,1,朝,食間,,,,,,,,,,,,,,,,,,,,,,
76,7,ｲｼｼｼﾞ,注射医師の指示通り,注射医師の指示通り,注射医師の指示通り,0,999,,,-16777216,,,1,1,0,,,,,,,,,,,,,,,,,,,,,,,,
77,5,,×発熱・疼痛時,発熱・疼痛時,発熱・疼痛時,0,999,,,-16777216,,,1,0,0,,,,,,,,,,,,,,,,,,,,,,,,
78,5,ﾑｸﾐ,浮腫時,浮腫時,浮腫時,0,999,,,-16777216,,,1,1,0,,,,,,,,,,,,,,,,,,,,,,,,
79,0,4-ｲｼｼｼﾞ,１日４回医師の指示通り,１日４回医師の指示通り,１日４回医師の指示通り,0,999,,,-16777216,,900,1,1,4,その他,,,,,,,,,,,,,,,,,,,,,,,
80,0,2-01010ｱｻﾕｳ,１日２回朝・夕食間,１日２回朝・夕食間,１日２回朝・夕食間,0,999,,,-16777216,,900,1,1,2,朝,食間,夕,食間,,,,,,,,,,,,,,,,,,,,
81,0,1-8,１日１回８時,１日１回８時,１日１回８時,0,999,,,-16777216,,900,1,1,1,時刻,８時,,,,,,,,,,,,,,,,,,,,,,
82,0,5-ｲｼｼｼﾞ,１日５回医師の指示通り,１日５回医師の指示通り,１日５回医師の指示通り,0,999,,,-16777216,,900,1,1,5,その他,,,,,,,,,,,,,,,,,,,,,,,
83,0,2-01001,１日２回朝食前・就寝前,１日２回朝食前・就寝前,１日２回朝食前・就寝前,0,999,,,-16777216,,035,1,1,2,朝,食前,就寝時,,,,,,,,,,,,,,,,,,,,,
84,6,ﾁｮｳﾌ,外用１日１枚患部に貼付,外用１日１枚患部に貼付,外用１日１枚患部に貼付,0,999,,,-16777216,,,1,1,0,,,,,,,,,,,,,,,,,,,,,,,,
85,0,2-8･20,１日２回８時・２０時,１日２回８時・２０時,１日２回８時・２０時,0,999,,,-16777216,,900,1,1,2,時刻,８時,時刻,２０時,,,,,,,,,,,,,,,,,,,,
86,6,ﾄﾌ,外用１日１回患部に塗布,外用１日１回患部に塗布,外用１日１回患部に塗布,0,999,,,-16777216,,,1,1,0,,,,,,,,,,,,,,,,,,,,,,,,
87,5,,×眩暈時,眩暈時,眩暈時,0,999,,,-16777216,,,1,0,0,,,,,,,,,,,,,,,,,,,,,,,,
88,6,ｺﾝﾜ,外用医師の指示通り混和,外用医師の指示通り混和,外用医師の指示通り混和,0,999,,,-16777216,,,1,1,0,,,,,,,,,,,,,,,,,,,,,,,,
89,0,1-00010,１日１回夕食間,１日１回夕食間,１日１回夕食間,0,999,,,-16777216,,900,1,1,1,夕,食間,,,,,,,,,,,,,,,,,,,,,,
90,5,ｿｳﾖｳ,掻痒時,掻痒時,掻痒時,0,999,,,-16777216,,,1,1,0,,,,,,,,,,,,,,,,,,,,,,,,
91,4,ﾅｲﾃｷ,１日１回　１０～１５滴,１０～１５滴　おのみ下さい,１日１回　１０～１５滴,0,999,,,-16777216,,,1,1,1,起床時,,,,,,,,,,,,,,,,,,,,,,,
92,4,ﾅｲﾃｷ,１日１回　適量の水に１０～１５滴,適量の水などを入れた容器に、瓶の胴をゆっくり押し、１滴ずつ滴下して１０～１５滴を混ぜておのみ下さい,１日１回　１０～１５滴,0,999,,,-16777216,,,1,0,1,起床時,,,,,,,,,,,,,,,,,,,,,,,
93,4,ﾅｲﾃｷ,１日１回　＊滴,＊滴　おのみ下さい,１日１回　＊滴,0,999,,,-16777216,,,1,0,1,起床時,,,,,,,,,,,,,,,,,,,,,,,
94,5,,×発熱・頭痛時,発熱・頭痛時,発熱・頭痛時,0,999,,,-16777216,,,1,0,0,,,,,,,,,,,,,,,,,,,,,,,,
95,5,ｼｮｳｼﾞｮｳ,症状の強い時,症状の強い時,症状の強い時,0,999,,,-16777216,,,1,1,0,,,,,,,,,,,,,,,,,,,,,,,,
96,0,1-00100,１日１回昼食間,１日１回昼食間,１日１回昼食間,0,999,,,-16777216,,900,1,1,1,昼,食間,,,,,,,,,,,,,,,,,,,,,,
97,0,3-01101,１日３回朝・昼食間・寝る前,１日３回朝・昼食間・寝る前,１日３回朝・昼食間・寝る前,0,999,,,-16777216,,900,1,1,3,朝,食間,昼,食間,就寝時,,,,,,,,,,,,,,,,,,,
98,0,8-ｲｼｼｼﾞ,１日８回医師の指示通り,１日８回医師の指示通り,１日８回医師の指示通り,0,999,,,-16777216,,900,1,1,8,その他,,,,,,,,,,,,,,,,,,,,,,,
99,0,1-ｸｳﾌｸ,１日１回空腹時,１日１回空腹時,１日１回空腹時,0,999,,,-16777216,,900,1,1,1,その他,,,,,,,,,,,,,,,,,,,,,,,
100,5,,×発作時舌下,発作時舌下,発作時舌下,0,999,,,-16777216,,,1,0,0,,,,,,,,,,,,,,,,,,,,,,,,
101,5,ｱｼﾂﾘ,足がつる時,足がつる時におのみ下さい,足がつる時,,,,,-16777216,,,1,1,0,,,,,,,,,,,,,,,,,,,,,,,,
102,5,ｲﾀﾐﾄﾞﾒ,痛み止め使用時,痛み止めを使用する時におのみ下さい,痛み止め使用時,,,,,-16777216,,,1,1,0,,,,,,,,,,,,,,,,,,,,,,,,
103,5,ｲﾂｳ,胃痛時,胃が痛いときにおのみ下さい,胃痛時,,,,,-16777216,,,1,1,0,,,,,,,,,,,,,,,,,,,,,,,,
104,5,ｲﾌﾞﾌｶｲ,胃部不快感,胃に不快感がある時におのみ下さい,胃部不快感,,,,,-16777216,,,1,1,0,,,,,,,,,,,,,,,,,,,,,,,,
105,5,ｲﾓﾀﾚ,胃もたれ時,胃がもたれる時におのみ下さい,胃もたれ時,,,,,-16777216,,,1,1,0,,,,,,,,,,,,,,,,,,,,,,,,
106,5,ｲﾗｲﾗ,いらいら時,いらいらする時におのみ下さい,いらいら時,,,,,-16777216,,,1,1,0,,,,,,,,,,,,,,,,,,,,,,,,
107,5,ｵﾁﾂｶﾅｲ,落ち着かない時,気分が落ち着かない時におのみ下さい,落ち着かない時,,,,,-16777216,,,1,1,0,,,,,,,,,,,,,,,,,,,,,,,,
108,5,ｵﾅｶ,お腹が張った時,お腹が張った時におのみ下さい,お腹が張った時,,,,,-16777216,,,1,1,0,,,,,,,,,,,,,,,,,,,,,,,,
109,5,ｶｸｾｲ,覚醒時,目が覚めた時におのみ下さい,覚醒時,,,,,-16777216,,,1,1,0,,,,,,,,,,,,,,,,,,,,,,,,
110,5,ｶｺｷｭｳ,過呼吸時,過呼吸になった時におのみ下さい,過呼吸時,,,,,-16777216,,,1,1,0,,,,,,,,,,,,,,,,,,,,,,,,
111,5,ｶﾀｺﾘ,肩こり時,肩がこっている時におのみ下さい,肩こり時,,,,,-16777216,,,1,1,0,,,,,,,,,,,,,,,,,,,,,,,,
112,5,ｶﾕｲ,かゆい時,かゆい時におのみ下さい,かゆい時,,,,,-16777216,,,1,1,0,,,,,,,,,,,,,,,,,,,,,,,,
113,5,ｶﾞﾝｿｳ,含嗽時,うがいをする時におのみ下さい,含嗽時,,,,,-16777216,,,1,1,0,,,,,,,,,,,,,,,,,,,,,,,,
114,5,ｷｮｳﾂｳ,胸痛時,胸が痛いときにおのみ下さい,胸痛時,,,,,-16777216,,,1,1,0,,,,,,,,,,,,,,,,,,,,,,,,
115,5,ｷｮｳﾂｳ,胸痛発作時,胸痛発作時におのみ下さい,胸痛発作時,,,,,-16777216,,,1,1,0,,,,,,,,,,,,,,,,,,,,,,,,
116,5,ｷｮｳﾂｳ,胸痛発作時舌下,胸痛発作時にのみこんだり、かみ砕いたり　しないで、舌の下で自然に溶かして下さい,胸痛発作時舌下,,,,,-16777216,,,1,1,0,,,,,,,,,,,,,,,,,,,,,,,,
117,5,ｸﾙｼｲ,苦しい時,苦しい時におのみ下さい,苦しい時,,,,,-16777216,,,1,1,0,,,,,,,,,,,,,,,,,,,,,,,,
118,5,ｹﾂｱﾂ,血圧＊以上の時,血圧が＊以上の時におのみ下さい,血圧＊以上の時,,,,,-16777216,,,1,1,0,,,,,,,,,,,,,,,,,,,,,,,,
119,5,ｹﾂｱﾂ,血圧上昇時,血圧が上がった時におのみ下さい,血圧上昇時,,,,,-16777216,,,1,1,0,,,,,,,,,,,,,,,,,,,,,,,,
120,5,ｹﾞﾘ,下痢時,下痢をしている時におのみ下さい,下痢時,,,,,-16777216,,,1,1,0,,,,,,,,,,,,,,,,,,,,,,,,
121,5,ｹﾞﾘ,下痢がひどい時,下痢がひどい時におのみ下さい,下痢がひどい時,,,,,-16777216,,,1,1,0,,,,,,,,,,,,,,,,,,,,,,,,
122,5,ｹﾝｻ,検査用,「検査用薬」医師の指示に従っておのみ下さい,検査用,,,,,-16777216,,,1,1,0,,,,,,,,,,,,,,,,,,,,,,,,
123,5,ｹﾝｻｾﾞﾝｼﾞﾂ,検査前日（下剤）,検査前日におのみ下さい　【下剤】,検査前日（下剤）,,,,,-16777216,,,1,1,0,,,,,,,,,,,,,,,,,,,,,,,,
124,5,ｺｳﾈﾂ,高熱時,熱が高い時におのみ下さい,高熱時,,,,,-16777216,,,1,1,0,,,,,,,,,,,,,,,,,,,,,,,,
125,5,ｼｯｼﾝ,湿疹がでた時,湿疹が出た時におのみ下さい,湿疹がでた時,,,,,-16777216,,,1,1,0,,,,,,,,,,,,,,,,,,,,,,,,
126,5,ｼｬｯｸﾘ,しゃっくりとまらない,しゃっくりが止まらない時におのみ下さい,しゃっくりとまらない,,,,,-16777216,,,1,1,0,,,,,,,,,,,,,,,,,,,,,,,,
127,5,ｼﾞｭﾆｭｳｼﾞ,授乳時,授乳時にのませてあげて下さい,授乳時,,,,,-16777216,,,1,1,0,,,,,,,,,,,,,,,,,,,,,,,,
128,5,ｼｮｳｼﾞｮｳ,症状発現時,症状があらわれた時におのみ下さい,症状発現時,,,,,-16777216,,,1,1,0,,,,,,,,,,,,,,,,,,,,,,,,
129,5,ｼｮｳｼﾞｮｳ,症状ひどい時,症状がひどい時におのみ下さい,症状ひどい時,,,,,-16777216,,,1,1,0,,,,,,,,,,,,,,,,,,,,,,,,
130,5,ｽﾞﾂｳ,頭痛時,頭痛がする時におのみ下さい,頭痛時,,,,,-16777216,,,1,1,0,,,,,,,,,,,,,,,,,,,,,,,,
131,5,ｽﾞﾂｳ,頭痛・発熱時,頭痛または発熱がある時におのみ下さい,頭痛・発熱時,,,,,-16777216,,,1,1,0,,,,,,,,,,,,,,,,,,,,,,,,
132,5,ｽﾞﾂｳ,頭痛発現時,頭が痛くなり始めた時におのみ下さい,頭痛発現時,,,,,-16777216,,,1,1,0,,,,,,,,,,,,,,,,,,,,,,,,
133,5,ｽﾞｼﾞｭｳ,頭重感時,頭が重い感じがする時におのみ下さい,頭重感時,,,,,-16777216,,,1,1,0,,,,,,,,,,,,,,,,,,,,,,,,
134,5,ｾｲﾘﾂｳ,生理痛時,生理痛時におのみ下さい,生理痛時,,,,,-16777216,,,1,1,0,,,,,,,,,,,,,,,,,,,,,,,,
135,5,ｾｷ,咳止め,咳がでる時におのみ下さい,咳止め,,,,,-16777216,,,1,1,0,,,,,,,,,,,,,,,,,,,,,,,,
136,5,ｾｷ,咳き込み時,咳き込む時におのみ下さい,咳き込み時,,,,,-16777216,,,1,1,0,,,,,,,,,,,,,,,,,,,,,,,,
137,5,ｾｷ,咳ひどい時,咳がひどい時におのみ下さい,咳ひどい時,,,,,-16777216,,,1,1,0,,,,,,,,,,,,,,,,,,,,,,,,
138,5,ﾀｲﾁｮｳ,体調不良時,体調不良の時におのみ下さい,体調不良時,,,,,-16777216,,,1,1,0,,,,,,,,,,,,,,,,,,,,,,,,
139,5,ﾄﾞｳｷ,動悸時,動悸がする時におのみ下さい,動悸時,,,,,-16777216,,,1,1,0,,,,,,,,,,,,,,,,,,,,,,,,
140,5,ﾄｳﾂｳ,疼痛時,痛い時におのみ下さい,疼痛時,,,,,-16777216,,,1,1,0,,,,,,,,,,,,,,,,,,,,,,,,
141,5,ﾄｳﾂｳ,疼痛発作時,疼痛発作時におのみ下さい,疼痛発作時,,,,,-16777216,,,1,1,0,,,,,,,,,,,,,,,,,,,,,,,,
142,5,ﾄｳﾂｳ,疼痛発作予感時,疼痛発作の起こりそうな時におのみ下さい,疼痛発作予感時,,,,,-16777216,,,1,1,0,,,,,,,,,,,,,,,,,,,,,,,,
143,5,ﾄｳﾂｳ,疼痛発熱時,疼痛時あるいは発熱時におのみ下さい,疼痛発熱時,,,,,-16777216,,,1,1,0,,,,,,,,,,,,,,,,,,,,,,,,
144,5,ﾄﾞｷﾄﾞｷ,ドキドキ時,ドキドキする時におのみ下さい,ドキドキ時,,,,,-16777216,,,1,1,0,,,,,,,,,,,,,,,,,,,,,,,,
145,5,ﾈﾑｲ,眠い時,眠い時におのみ下さい,眠い時,,,,,-16777216,,,1,1,0,,,,,,,,,,,,,,,,,,,,,,,,
146,5,ﾉﾄﾞ,喉が痛い時,喉が痛い時におのみ下さい,喉が痛い時,,,,,-16777216,,,1,1,0,,,,,,,,,,,,,,,,,,,,,,,,
147,5,ﾉﾘﾓﾉﾖｲ,乗り物酔い止め,乗車３０分～１時間くらい前におのみ下さい,乗り物酔い止め,,,,,-16777216,,,1,1,0,,,,,,,,,,,,,,,,,,,,,,,,
148,5,ﾊｲﾀ,歯痛時,歯が痛い時におのみ下さい,歯痛時,,,,,-16777216,,,1,1,0,,,,,,,,,,,,,,,,,,,,,,,,
149,5,ﾊｷｹ,吐気時,吐き気がする時におのみ下さい,吐気時,,,,,-16777216,,,1,1,0,,,,,,,,,,,,,,,,,,,,,,,,
150,5,ﾊﾂﾈﾂ,発熱時,発熱時におのみ下さい,発熱時,,,,,-16777216,,,1,1,0,,,,,,,,,,,,,,,,,,,,,,,,
151,5,ﾊﾂﾈﾂ,発熱時６～８時間間隔,発熱時におのみ下さい。服用間隔は６～８時間以上あけるようにして下さい,発熱時６～８時間間隔,,,,,-16777216,,,1,1,0,,,,,,,,,,,,,,,,,,,,,,,,
152,5,ﾊﾅﾂﾞﾏﾘ,鼻づまり時,鼻がつまっている時におのみ下さい,鼻づまり時,,,,,-16777216,,,1,1,0,,,,,,,,,,,,,,,,,,,,,,,,
153,5,ﾊﾅﾐｽﾞ,鼻水が出る時,鼻水が出る時におのみ下さい,鼻水が出る時,,,,,-16777216,,,1,1,0,,,,,,,,,,,,,,,,,,,,,,,,
154,5,ﾊﾅﾐｽﾞ,鼻水ひどい時,鼻水がひどい時におのみ下さい,鼻水ひどい時,,,,,-16777216,,,1,1,0,,,,,,,,,,,,,,,,,,,,,,,,
155,5,ﾋﾂﾖｳ,必要時,この薬が必要な時におのみ下さい,必要時,,,,,-16777216,,,1,1,0,,,,,,,,,,,,,,,,,,,,,,,,
156,5,ﾌｱﾝ,不安時,不安な時におのみ下さい,不安時,,,,,-16777216,,,1,1,0,,,,,,,,,,,,,,,,,,,,,,,,
157,5,ﾌｶｲ,不快時,不快な時におのみ下さい,不快時,,,,,-16777216,,,1,1,0,,,,,,,,,,,,,,,,,,,,,,,,
158,5,ﾌｸﾂｳ,腹痛時,お腹が痛い時におのみ下さい,腹痛時,,,,,-16777216,,,1,1,0,,,,,,,,,,,,,,,,,,,,,,,,
159,5,ﾌｸﾌﾞ,腹部膨満時,お腹が張っている時におのみ下さい,腹部膨満時,,,,,-16777216,,,1,1,0,,,,,,,,,,,,,,,,,,,,,,,,
160,5,ﾌﾐﾝ,不眠時,眠れない時におのみ下さい,不眠時,,,,,-16777216,,,1,1,0,,,,,,,,,,,,,,,,,,,,,,,,
161,5,ﾍﾝｽﾞﾂｳ,片頭痛時,片頭痛がする時におのみ下さい,片頭痛時,,,,,-16777216,,,1,1,0,,,,,,,,,,,,,,,,,,,,,,,,
162,5,ﾍﾞﾝﾋﾟ,便秘時,便秘時（寝る前）におのみ下さい,便秘時,,,,,-16777216,,,1,1,0,,,,,,,,,,,,,,,,,,,,,,,,
163,5,ﾎｯｻ,発作時,発作が起こった時におのみ下さい,発作時,,,,,-16777216,,,1,1,0,,,,,,,,,,,,,,,,,,,,,,,,
164,5,ﾎｯｻ,発作時（舌下・口中）,発作時に舌の下か、またはかみ砕いて口中に含んで下さい,発作時（舌下・口中）,,,,,-16777216,,,1,1,0,,,,,,,,,,,,,,,,,,,,,,,,
165,5,ﾎｯｻ,発作予感時,発作の起こりそうな時におのみ下さい,発作予感時,,,,,-16777216,,,1,1,0,,,,,,,,,,,,,,,,,,,,,,,,
166,5,ﾐﾐﾅﾘ,耳鳴り時,耳鳴りのする時におのみ下さい,耳鳴り時,,,,,-16777216,,,1,1,0,,,,,,,,,,,,,,,,,,,,,,,,
167,5,ﾑｸﾐ,むくみ時,むくみがある時におのみ下さい,むくみ時,,,,,-16777216,,,1,1,0,,,,,,,,,,,,,,,,,,,,,,,,
168,5,ﾑｸﾐ,むくみが強い時,むくみが強い時におのみ下さい,むくみが強い時,,,,,-16777216,,,1,1,0,,,,,,,,,,,,,,,,,,,,,,,,
169,5,ﾑﾈﾔｹ,胸やけ時,胸やけがする時におのみ下さい,胸やけ時,,,,,-16777216,,,1,1,0,,,,,,,,,,,,,,,,,,,,,,,,
170,5,ﾒﾏｲ,めまい時,めまいがする時におのみ下さい,めまい時,,,,,-16777216,,,1,1,0,,,,,,,,,,,,,,,,,,,,,,,,
171,5,ﾒﾏｲ,めまいが強い時,めまいが強い時におのみ下さい,めまいが強い時,,,,,-16777216,,,1,1,0,,,,,,,,,,,,,,,,,,,,,,,,
172,5,ﾖｳﾂｳ,腰痛時,腰が痛い時におのみ下さい,腰痛時,,,,,-16777216,,,1,1,0,,,,,,,,,,,,,,,,,,,,,,,,
173,0,,×１日２回夕食後・就寝前,１日２回夕食後・就寝前,１日２回夕食後・就寝前,0,999,,,-16777216,,,1,0,0,,,,,,,,,,,,,,,,,,,,,,,,
174,0,2-9･21,１日２回９時・２１時,１日２回９時・２１時,１日２回９時・２１時,0,999,,,-16777216,,900,1,1,2,時刻,９時,時刻,２１時,,,,,,,,,,,,,,,,,,,,
175,5,ﾃｲｹｯﾄｳ,低血糖時,低血糖時,低血糖時,0,999,,,-16777216,,,1,1,0,,,,,,,,,,,,,,,,,,,,,,,,
176,0,2-01100,１日２回朝・昼食間,１日２回朝・昼食間,１日２回朝・昼食間,0,999,,,-16777216,,900,1,1,2,朝,食間,昼,食間,,,,,,,,,,,,,,,,,,,,
177,0,2-7･18,１日２回７時・１８時,１日２回７時・１８時,１日２回７時・１８時,0,999,,,-16777216,,900,1,1,2,時刻,７時,時刻,１８時,,,,,,,,,,,,,,,,,,,,
178,0,7-ｲｼｼｼﾞ,１日７回医師の指示通り,１日７回医師の指示通り,１日７回医師の指示通り,0,999,,,-16777216,,900,1,1,7,その他,,,,,,,,,,,,,,,,,,,,,,,
179,4,ﾅｲﾃｷ,内滴１回１５滴,内滴１回１５滴,内滴１回１５滴,0,999,,,-16777216,,,1,1,0,,,,,,,,,,,,,,,,,,,,,,,,
180,0,3-01101,１日３回朝昼食後２時間・寝る前,１日３回朝昼食後２時間と寝る前にお飲みください,１日３回朝昼食後２時間・寝る前,0,999,,,-16777216,,900,1,1,3,朝,食後,昼,食後,就寝時,,,,,,,,,,,,,,,,,,,
181,0,2-01010,１日２回朝・夕食後２時間,１日２回朝・夕食後２時間にお飲みください,１日２回朝・夕食後２時間,0,999,,,-16777216,,900,1,1,2,朝,食後,夕,食後,,,,,,,,,,,,,,,,,,,,
182,5,ｺﾑﾗｶﾞｴﾘ,こむら返り時,こむら返り時,こむら返り時,0,999,,,-16777216,,,1,1,0,,,,,,,,,,,,,,,,,,,,,,,,
183,0,1-16,１日１回１６時,１日１回１６時,１日１回１６時,0,999,,,-16777216,,900,1,1,1,時刻,１６時,,,,,,,,,,,,,,,,,,,,,,
184,0,1-21,１日１回２１時,１日１回２１時,１日１回２１時,0,999,,,-16777216,,900,1,1,1,時刻,２１時,,,,,,,,,,,,,,,,,,,,,,
185,0,4-,１日４回６時間毎,１日４回６時間毎,１日４回６時間毎,0,999,,,-16777216,,027,1,1,4,その他,,,,,,,,,,,,,,,,,,,,,,,
186,6,1-,外用１日１回,外用１日１回,外用１日１回,0,999,,,-16777216,,,1,1,0,,,,,,,,,,,,,,,,,,,,,,,,
187,0,6-ｲｼｼｼﾞ,１日６回医師の指示通り,１日６回医師の指示通り,１日６回医師の指示通り,0,999,,,-16777216,,900,1,1,6,その他,,,,,,,,,,,,,,,,,,,,,,,
188,6,2-,外用１日２回,外用１日２回,外用１日２回,0,999,,,-16777216,,,1,1,0,,,,,,,,,,,,,,,,,,,,,,,,
189,0,ﾂｷ1-10000,月１回起床時,月１回起床時,月１回起床時,0,999,,,-16777216,,900,1,1,0,その他,,,,,,,,,,,,,,,,,,,,,,,
190,6,ﾃﾝｶﾞﾝ,外用１日２回点眼,外用１日２回点眼,外用１日２回点眼,0,999,,,-16777216,,,1,1,0,,,,,,,,,,,,,,,,,,,,,,,,
191,0,1-18,１日１回１８時,１日１回１８時,１日１回１８時,0,999,,,-16777216,,900,1,1,1,時刻,１８時,,,,,,,,,,,,,,,,,,,,,,
192,0,1-22,１日１回２２時,１日１回２２時,１日１回２２時,0,999,,,-16777216,,900,1,1,1,時刻,２２時,,,,,,,,,,,,,,,,,,,,,,
193,5,ｺｳｹﾂｱﾂ,高血圧時,高血圧時,高血圧時,0,999,,,-16777216,,,1,1,0,,,,,,,,,,,,,,,,,,,,,,,,
194,6,ﾄﾌ,外用１日１回患部に塗布混和,外用１日１回患部に塗布混和,外用１日１回患部に塗布混和,0,999,,,-16777216,,,1,1,0,,,,,,,,,,,,,,,,,,,,,,,,
195,0,1-9,１日１回９時,１日１回９時,１日１回９時,0,999,,,-16777216,,900,1,1,1,時刻,９時,,,,,,,,,,,,,,,,,,,,,,
196,0,1-10,１日１回１０時,１日１回１０時,１日１回１０時,0,999,,,-16777216,,900,1,1,1,時刻,１０時,,,,,,,,,,,,,,,,,,,,,,
197,6,ﾄﾌ,外用１日２回塗布,外用１日２回塗布,外用１日２回塗布,0,999,,,-16777216,,,1,1,0,,,,,,,,,,,,,,,,,,,,,,,,
198,6,ﾁｮｳﾌ,外用１日１回１枚貼付,外用１日１回１枚貼付,外用１日１回１枚貼付,0,999,,,-16777216,,,1,1,0,,,,,,,,,,,,,,,,,,,,,,,,
199,6,ｶｵ,外用１日１回顔,外用１日１回顔,外用１日１回顔,0,999,,,-16777216,,,1,1,0,,,,,,,,,,,,,,,,,,,,,,,,
200,6,ﾄｳﾋ,外用１日１回頭皮,外用１日１回頭皮,外用１日１回頭皮,0,999,,,-16777216,,,1,1,0,,,,,,,,,,,,,,,,,,,,,,,,
201,6,ｳｶﾞｲ1,うがい薬,使い方に従ってうがいして下さい,うがい薬,0,999,,,-16777216,,,1,1,0,,,,,,,,,,,,,,,,,,,,,,,,
202,6,ｳｶﾞｲ2,うがい薬　１日＊回,１日＊回　うがいして下さい,うがい薬　１日＊回,0,999,,,-16777216,,,1,1,0,,,,,,,,,,,,,,,,,,,,,,,,
203,6,ｳｶﾞｲ3,うがい薬　１００倍希薄,水で約１００倍に薄めて、うがいして下さい,うがい薬　１００倍希薄,0,999,,,-16777216,,,1,1,0,,,,,,,,,,,,,,,,,,,,,,,,
204,6,ｳｶﾞｲ4,うがい薬　１０滴,コップ半杯の水に１０滴溶かし、うがいして下さい,うがい薬　１０滴,0,999,,,-16777216,,,1,1,0,,,,,,,,,,,,,,,,,,,,,,,,
205,6,ｳｶﾞｲ5,うがい薬　希釈,説明書通り水で薄めて、うがいして下さい,うがい薬　希釈,0,999,,,-16777216,,,1,1,0,,,,,,,,,,,,,,,,,,,,,,,,
206,6,ｳｶﾞｲ6,うがい薬　錠剤,１回２錠を約１００ｍｌの水またはぬるま湯に溶かして、うがいして下さい,うがい薬　錠剤,0,999,,,-16777216,,,1,1,0,,,,,,,,,,,,,,,,,,,,,,,,
207,6,ｳｶﾞｲ7,うがい薬　粉　１回２～３包,１回２～３包を約１００ｍｌの水または、ぬるま湯に溶かして、うがいして下さい,うがい薬　粉　１回２～３包,0,999,,,-16777216,,,1,1,0,,,,,,,,,,,,,,,,,,,,,,,,
208,6,ｶﾞﾝﾅﾝｺｳ1,眼軟膏,用法に従い患部にぬって下さい,眼軟膏,0,999,,,-16777216,,,1,1,0,,,,,,,,,,,,,,,,,,,,,,,,
209,6,ｶﾞﾝﾅﾝｺｳ2,眼軟膏　１日＊回,１日＊回　適量をぬって下さい,眼軟膏　１日＊回,0,999,,,-16777216,,,1,1,0,,,,,,,,,,,,,,,,,,,,,,,,
210,6,ｶﾞﾝﾅﾝｺｳ3,眼軟膏　１日数回,１日数回　適量をぬって下さい,眼軟膏　１日数回,0,999,,,-16777216,,,1,1,0,,,,,,,,,,,,,,,,,,,,,,,,
211,6,ｶﾞﾝﾅﾝｺｳ4,眼軟膏　結膜内　１日＊回,１日＊回　適量を結膜内にぬって下さい,眼軟膏　結膜内　１日＊回,0,999,,,-16777216,,,1,1,0,,,,,,,,,,,,,,,,,,,,,,,,
212,6,ｶﾞﾝﾅﾝｺｳ5,眼軟膏　眼瞼内　１日＊回,１日＊回　眼瞼内に少量ずつ点入して下さい,眼軟膏　眼瞼内　１日＊回,0,999,,,-16777216,,,1,1,0,,,,,,,,,,,,,,,,,,,,,,,,
213,6,ｶﾞﾝﾅﾝｺｳ6,眼軟膏　眼の周囲　１日＊回,１日＊回　眼の周囲にぬって下さい,眼軟膏　眼の周囲　１日＊回,0,999,,,-16777216,,,1,1,0,,,,,,,,,,,,,,,,,,,,,,,,
214,6,ｷｭｳﾆｭｳ1,吸入剤,用法に従い噴霧し、吸入して下さい,吸入剤,0,999,,,-16777216,,,1,1,0,,,,,,,,,,,,,,,,,,,,,,,,
215,6,ｷｭｳﾆｭｳ2,吸入剤　１日＊回,１日＊回　＊噴霧し、吸入して下さい,吸入剤　１日＊回,0,999,,,-16777216,,,1,1,0,,,,,,,,,,,,,,,,,,,,,,,,
216,6,ｷｭｳﾆｭｳ3,吸入剤　専用スペーサー　１日＊回,１日＊回　専用スペーサー内に噴霧し、ゆっくり吸引して下さい,吸入剤　専用スペーサー　１日＊回,0,999,,,-16777216,,,1,1,0,,,,,,,,,,,,,,,,,,,,,,,,
217,6,ｷｭｳﾆｭｳ4,吸入剤　吸入後うがい　１日＊回　＊噴霧,１日＊回　＊噴霧し、吸入し終わったらうがいをして下さい,吸入剤　吸入後うがい　１日＊回　＊噴霧,0,999,,,-16777216,,,1,1,0,,,,,,,,,,,,,,,,,,,,,,,,
218,6,ｷｭｳﾆｭｳ5,吸入剤　専用器具,吸入剤専用の器具を使い吸入して下さい,吸入剤　専用器具,0,999,,,-16777216,,,1,1,0,,,,,,,,,,,,,,,,,,,,,,,,
219,6,ｷｭｳﾆｭｳ6,吸入剤　ブリスター　１日＊回,１日＊回　ブリスターを専用器具にセットして吸入して下さい,吸入剤　ブリスター　１日＊回,0,999,,,-16777216,,,1,1,0,,,,,,,,,,,,,,,,,,,,,,,,
220,6,ｷｭｳﾆｭｳ7,吸入剤　カプセル　１日＊回,１日＊回　カプセルを専用器具にセットして吸入して下さい,吸入剤　カプセル　１日＊回,0,999,,,-16777216,,,1,1,0,,,,,,,,,,,,,,,,,,,,,,,,
221,6,ｱｽﾞﾉｰﾙ,口内挿入剤　アズノールＳＴ,上顎の歯肉部に挿入して下さい,口内挿入剤　アズノールＳＴ,0,999,,,-16777216,,,1,1,0,,,,,,,,,,,,,,,,,,,,,,,,
222,6,ｺｳﾅｲﾁｮｳﾌ,口内貼付剤　,口の中の患部に貼って下さい,口内貼付剤　,0,999,,,-16777216,,,1,1,0,,,,,,,,,,,,,,,,,,,,,,,,
223,6,ｱﾌﾀｯﾁ,口内貼付剤　アフタッチ,１回１錠、白色面を患部に付着させてお使い下さい,口内貼付剤　アフタッチ,0,999,,,-16777216,,,1,1,0,,,,,,,,,,,,,,,,,,,,,,,,
224,6,ﾊﾞｿﾚｰﾀｰ,口内貼付剤　バソレーターＲＢ,１日１回　歯ぐきに貼って下さい,口内貼付剤　バソレーターＲＢ,0,999,,,-16777216,,,1,1,0,,,,,,,,,,,,,,,,,,,,,,,,
225,6,ｺｳﾅｲﾄﾌ,口内塗布剤,食後に口をすすいだ後、口の中の患部にぬって下さい,口内塗布剤,0,999,,,-16777216,,,1,1,0,,,,,,,,,,,,,,,,,,,,,,,,
226,6,ｻﾘﾍﾞｰﾄ,口内噴霧剤　サリベート　１日＊回,１日＊回　口の中に噴霧して下さい,口内噴霧剤　サリベート　１日＊回,0,999,,,-16777216,,,1,1,0,,,,,,,,,,,,,,,,,,,,,,,,
227,6,ｻﾞﾔｸ01,坐薬,肛門内に挿入して下さい,坐薬,0,999,,,-16777216,,,1,1,0,,,,,,,,,,,,,,,,,,,,,,,,
228,6,ｻﾞﾔｸ02,坐薬　１日＊回,１日＊回　肛門内に挿入して下さい,坐薬　１日＊回,0,999,,,-16777216,,,1,1,0,,,,,,,,,,,,,,,,,,,,,,,,
229,6,ｻﾞﾔｸ03,坐薬　１回＊個　１日＊回,１回＊個　１日＊回　肛門内に挿入して下さい,坐薬　１回＊個　１日＊回,0,999,,,-16777216,,,1,1,0,,,,,,,,,,,,,,,,,,,,,,,,
230,6,ｻﾞﾔｸ04,坐薬　１回＊個　１日＊回　全＊回分,１回＊個　１日＊回　全＊回分　肛門内に挿入して下さい,坐薬　１回＊個　１日＊回　全＊回分,0,999,,,-16777216,,,1,1,0,,,,,,,,,,,,,,,,,,,,,,,,
231,6,ｻﾞﾔｸ05,坐薬　疼痛時　１回＊個,疼痛時　１回＊個　肛門内に挿入して下さい,坐薬　疼痛時　１回＊個,0,999,,,-16777216,,,1,1,0,,,,,,,,,,,,,,,,,,,,,,,,
232,6,ｻﾞﾔｸ06,坐薬　疼痛時　１回＊個　１日＊回まで,疼痛時　１回＊個　肛門内に挿入して下さい。１日＊回まで,坐薬　疼痛時　１回＊個　１日＊回まで,0,999,,,-16777216,,,1,1,0,,,,,,,,,,,,,,,,,,,,,,,,
233,6,ｻﾞﾔｸ07,坐薬　疼痛・発熱時　１回＊個,疼痛・発熱時　１回＊個　肛門内に挿入して下さい,坐薬　疼痛・発熱時　１回＊個,0,999,,,-16777216,,,1,1,0,,,,,,,,,,,,,,,,,,,,,,,,
234,6,ｻﾞﾔｸ08,坐薬　疼痛・発熱時　１回＊個　１日＊回まで,疼痛・発熱時　１回＊個　肛門内に挿入して下さい。１日＊回まで,坐薬　疼痛・発熱時　１回＊個　１日＊回まで,0,999,,,-16777216,,,1,1,0,,,,,,,,,,,,,,,,,,,,,,,,
235,6,ｻﾞﾔｸ09,坐薬　発熱時　１回＊個,発熱時　１回＊個　肛門内に挿入して下さい,坐薬　発熱時　１回＊個,0,999,,,-16777216,,,1,1,0,,,,,,,,,,,,,,,,,,,,,,,,
236,6,ｻﾞﾔｸ10,坐薬　発熱時　１回＊個　１日＊回まで,発熱時　１回＊個　肛門内に挿入して下さい。１日＊回まで,坐薬　発熱時　１回＊個　１日＊回まで,0,999,,,-16777216,,,1,1,0,,,,,,,,,,,,,,,,,,,,,,,,
237,6,ｻﾞﾔｸ11,坐薬　悪心・嘔吐時　１回＊個,悪心・嘔吐時　１回＊個　肛門内に挿入して下さい,坐薬　悪心・嘔吐時　１回＊個,0,999,,,-16777216,,,1,1,0,,,,,,,,,,,,,,,,,,,,,,,,
238,6,ｻﾞﾔｸ12,坐薬　悪心・嘔吐時　１回＊個　１日＊回まで,悪心・嘔吐時　１回＊個　肛門内に挿入して下さい。１日＊回まで,坐薬　悪心・嘔吐時　１回＊個　１日＊回まで,0,999,,,-16777216,,,1,1,0,,,,,,,,,,,,,,,,,,,,,,,,
239,6,ｻﾞﾔｸ13,坐薬　発作予感時　１回＊個,発作予感時　１回＊個　肛門内に挿入して下さい,坐薬　発作予感時　１回＊個,0,999,,,-16777216,,,1,1,0,,,,,,,,,,,,,,,,,,,,,,,,
240,6,ｻﾞﾔｸ14,坐薬　発作予感時　１回＊個　１日＊回まで,発作予感時　１回＊個　肛門内に挿入して下さい。１日＊回まで,坐薬　発作予感時　１回＊個　１日＊回まで,0,999,,,-16777216,,,1,1,0,,,,,,,,,,,,,,,,,,,,,,,,
241,6,ｻﾞﾔｸ15,坐薬　便秘時　１回＊個,便秘時　１回＊個　肛門内に挿入して下さい,坐薬　便秘時　１回＊個,0,999,,,-16777216,,,1,1,0,,,,,,,,,,,,,,,,,,,,,,,,
242,6,ｶﾝﾁｮｳ,浣腸,体温と同じ温度に温めてから直腸に注入し、しばらく肛門を綿などでおさえて下さい,浣腸,0,999,,,-16777216,,,1,1,0,,,,,,,,,,,,,,,,,,,,,,,,
243,6,ｻﾝﾌﾟ1,散布剤,用法に従って患部に散布して下さい,散布剤,0,999,,,-16777216,,,1,1,0,,,,,,,,,,,,,,,,,,,,,,,,
244,6,ｻﾝﾌﾟ2,散布剤　１日＊回,１日＊回　患部に散布して下さい,散布剤　１日＊回,0,999,,,-16777216,,,1,1,0,,,,,,,,,,,,,,,,,,,,,,,,
245,6,ｼﾞﾖｸ1,耳浴　１０分間,薬液を体温まで暖めた後、滴下し、約１０分間耳浴を行って下さい,耳浴　１０分間,0,999,,,-16777216,,,1,1,0,,,,,,,,,,,,,,,,,,,,,,,,
246,6,ｼﾞﾖｸ2,耳浴　＊滴　１０分間,薬液を体温まで暖めた後、＊滴滴下し、約１０分間耳浴を行って下さい,耳浴　＊滴　１０分間,0,999,,,-16777216,,,1,1,0,,,,,,,,,,,,,,,,,,,,,,,,
247,6,ｼﾞﾖｸ3,耳浴　１回＊滴　約＊分間　１日＊回,１回＊滴、約＊分間の耳浴を１日＊回行って下さい,耳浴　１回＊滴　約＊分間　１日＊回,0,999,,,-16777216,,,1,1,0,,,,,,,,,,,,,,,,,,,,,,,,
248,6,ｽﾌﾟﾚｰ01,スプレー,患部に噴霧して下さい,スプレー,0,999,,,-16777216,,,1,1,0,,,,,,,,,,,,,,,,,,,,,,,,
249,6,ｽﾌﾟﾚｰ02,スプレー　１日＊回,１日 ＊回　患部に噴霧して下さい,スプレー　１日＊回,0,999,,,-16777216,,,1,1,0,,,,,,,,,,,,,,,,,,,,,,,,
250,6,ｽﾌﾟﾚｰ03,スプレー　１０㎝以上離して,患部から約１０㎝以上離して噴霧して下さい,スプレー　１０㎝以上離して,0,999,,,-16777216,,,1,1,0,,,,,,,,,,,,,,,,,,,,,,,,
251,6,ｽﾌﾟﾚｰ04,スプレー　１０㎝以上離して　１日１～数回,１日１～数回　患部から１０㎝以上離して噴霧して下さい,スプレー　１０㎝以上離して　１日１～数回,0,999,,,-16777216,,,1,1,0,,,,,,,,,,,,,,,,,,,,,,,,
252,6,ｽﾌﾟﾚｰ05,スプレー　１０㎝以上離して　１日＊回,１日＊回　患部から１０㎝以上離して噴霧して下さい,スプレー　１０㎝以上離して　１日＊回,0,999,,,-16777216,,,1,1,0,,,,,,,,,,,,,,,,,,,,,,,,
253,6,ｽﾌﾟﾚｰ06,スプレー　１日１～数回　１回１～２秒間,１日１～数回　１回１～２秒間　患部から約１０㎝以上離して噴霧して下さい,スプレー　１日１～数回　１回１～２秒間,0,999,,,-16777216,,,1,1,0,,,,,,,,,,,,,,,,,,,,,,,,
254,6,ｽﾌﾟﾚｰ07,スプレー　１日＊回　１回＊秒間,１日＊回　１回＊秒間　患部から約１０㎝以上離して噴霧して下さい,スプレー　１日＊回　１回＊秒間,0,999,,,-16777216,,,1,1,0,,,,,,,,,,,,,,,,,,,,,,,,
255,6,ｽﾌﾟﾚｰ08,スプレー　口腔内　１日４～５回　１回１～２秒間,１日４～５回　１回１～２秒間　口腔内に噴霧して下さい,スプレー　口腔内　１日４～５回　１回１～２秒間,0,999,,,-16777216,,,1,1,0,,,,,,,,,,,,,,,,,,,,,,,,
256,6,ｽﾌﾟﾚｰ09,スプレー　口腔内　１日＊回　１回＊秒,１日＊回　１回＊秒間　口腔内に噴霧して下さい,スプレー　口腔内　１日＊回　１回＊秒,0,999,,,-16777216,,,1,1,0,,,,,,,,,,,,,,,,,,,,,,,,
257,6,ﾐｵｺｰﾙ,スプレー　ミオコール,発作時　舌下に １回１噴霧して下さい,スプレー　ミオコール,0,999,,,-16777216,,,1,1,0,,,,,,,,,,,,,,,,,,,,,,,,
258,6,ｾﾝｶﾞﾝ1,洗眼用,洗眼して下さい,洗眼用,0,999,,,-16777216,,,1,1,0,,,,,,,,,,,,,,,,,,,,,,,,
259,6,ｾﾝｶﾞﾝ2,洗眼用　１日＊回,1日＊回　洗眼して下さい,洗眼用　１日＊回,0,999,,,-16777216,,,1,1,0,,,,,,,,,,,,,,,,,,,,,,,,
260,6,ｾﾝｶﾞﾝ3,洗眼用　適時＊ｍｌで洗眼,適時＊ｍｌで洗眼して下さい,洗眼用　適時＊ｍｌで洗眼,0,999,,,-16777216,,,1,1,0,,,,,,,,,,,,,,,,,,,,,,,,
261,6,ｾﾝｺｳ1,洗口用　食後,食後に洗口して下さい,洗口用　食後,0,999,,,-16777216,,,1,1,0,,,,,,,,,,,,,,,,,,,,,,,,
262,6,ｾﾝｺｳ2,洗口用　１日＊回,１日＊回　洗口して下さい,洗口用　１日＊回,0,999,,,-16777216,,,1,1,0,,,,,,,,,,,,,,,,,,,,,,,,
263,6,ｾﾝｼﾞｮｳ,洗浄用　,皮膚や粘膜の洗浄に用いて下さい,洗浄用,0,999,,,-16777216,,,1,1,0,,,,,,,,,,,,,,,,,,,,,,,,
264,6,ﾁﾂｻﾞﾔｸ1,膣坐薬,手指を清潔にし、膣内に挿入して下さい,膣坐薬,0,999,,,-16777216,,,1,1,0,,,,,,,,,,,,,,,,,,,,,,,,
265,6,ﾁﾂｻﾞﾔｸ2,膣坐薬　１日１回,１日１回　膣内に挿入して下さい,膣坐薬　１日１回,0,999,,,-16777216,,,1,1,0,,,,,,,,,,,,,,,,,,,,,,,,
266,6,ﾁﾂｻﾞﾔｸ3,膣坐薬　１日おきに,１日おきに膣内に挿入して下さい,膣坐薬　１日おきに,0,999,,,-16777216,,,1,1,0,,,,,,,,,,,,,,,,,,,,,,,,
267,6,ﾁﾂｻﾞﾔｸ4,膣坐薬　膣深部,用法に従い膣深部に挿入して下さい,膣坐薬　膣深部,0,999,,,-16777216,,,1,1,0,,,,,,,,,,,,,,,,,,,,,,,,
268,6,ﾁﾂｻﾞﾔｸ5,膣坐薬　膣深部　１週１回　１回２個,１週１回　１回２個　膣深部に挿入して下さい,膣坐薬　膣深部　１週１回　１回２個,0,999,,,-16777216,,,1,1,0,,,,,,,,,,,,,,,,,,,,,,,,
269,6,ﾁﾂｼﾞｮｳ,膣錠,手指を清潔にし、膣内に挿入して下さい,膣錠,0,999,,,-16777216,,,1,1,0,,,,,,,,,,,,,,,,,,,,,,,,
270,6,ﾁｮｳﾌ1,貼付,患部を清潔にしてから貼って下さい,貼付,0,999,,,-16777216,,,1,1,0,,,,,,,,,,,,,,,,,,,,,,,,
271,6,ﾁｮｳﾌ2,貼付　説明書,患部を清潔にしてから説明書通り貼って下さい,貼付　説明書,0,999,,,-16777216,,,1,1,0,,,,,,,,,,,,,,,,,,,,,,,,
272,6,ﾁｮｳﾌ3,貼付　１日＊回,１日＊回　患部に貼って下さい,貼付　１日＊回,0,999,,,-16777216,,,1,1,0,,,,,,,,,,,,,,,,,,,,,,,,
273,6,ﾁｮｳﾌ4,貼付　＊日おきに,＊日おきに　貼りかえて下さい,貼付　＊日おきに,0,999,,,-16777216,,,1,1,0,,,,,,,,,,,,,,,,,,,,,,,,
274,6,ｽﾋﾟｰﾙ,貼付　スピール,患部大の大きさに切って貼り、ずれないよう絆創膏でとめて２～５日ごとに貼りかえて下さい,貼付　スピール,0,999,,,-16777216,,,1,1,0,,,,,,,,,,,,,,,,,,,,,,,,
275,6,ﾎｸﾅﾘﾝﾃｰﾌﾟ,貼付　ホクナリンテープ,１日１回　就寝前に貼って下さい,貼付　ホクナリンテープ,0,999,,,-16777216,,,1,1,0,,,,,,,,,,,,,,,,,,,,,,,,
276,6,ﾃﾝｶﾞﾝ01,点眼,点眼して下さい,点眼,0,999,,,-16777216,,,1,1,0,,,,,,,,,,,,,,,,,,,,,,,,
277,6,ﾃﾝｶﾞﾝ02,点眼　＊目,＊目に点眼して下さい,点眼　＊目,0,999,,,-16777216,,,1,1,0,,,,,,,,,,,,,,,,,,,,,,,,
278,6,ﾃﾝｶﾞﾝ03,点眼　１日＊回,１日＊回　点眼して下さい,点眼　１日＊回,0,999,,,-16777216,,,1,1,0,,,,,,,,,,,,,,,,,,,,,,,,
279,6,ﾃﾝｶﾞﾝ04,点眼　１日＊回　＊目,１日＊回　＊目に点眼して下さい,点眼　１日＊回　＊目,0,999,,,-16777216,,,1,1,0,,,,,,,,,,,,,,,,,,,,,,,,
280,6,ﾃﾝｶﾞﾝ05,点眼　１回＊滴,１回＊滴を点眼して下さい。,点眼　１回＊滴,0,999,,,-16777216,,,1,1,0,,,,,,,,,,,,,,,,,,,,,,,,
281,6,ﾃﾝｶﾞﾝ06,点眼　１回＊滴　＊目,１回＊滴を＊目に点眼して下さい。,点眼　１回＊滴　＊目,0,999,,,-16777216,,,1,1,0,,,,,,,,,,,,,,,,,,,,,,,,
282,6,ﾃﾝｶﾞﾝ07,点眼　１回＊滴　＊時間毎,１回＊滴　＊時間毎に点眼して下さい,点眼　１回＊滴　＊時間毎,0,999,,,-16777216,,,1,1,0,,,,,,,,,,,,,,,,,,,,,,,,
283,6,ﾃﾝｶﾞﾝ08,点眼　１回＊滴　＊時間毎　＊目,１回＊滴　＊時間毎に＊目に点眼して下さい,点眼　１回＊滴　＊時間毎　＊目,0,999,,,-16777216,,,1,1,0,,,,,,,,,,,,,,,,,,,,,,,,
284,6,ﾃﾝｶﾞﾝ09,点眼　１回＊滴　＊分おきに　１日＊回,１回＊滴　＊分おきに　１日＊回　点眼して下さい,点眼　１回＊滴　＊分おきに　１日＊回,0,999,,,-16777216,,,1,1,0,,,,,,,,,,,,,,,,,,,,,,,,
285,6,ﾃﾝｶﾞﾝ10,点眼　１回＊滴　＊分おきに　１日＊回　＊目,１回＊滴　＊分おきに　１日＊回　＊目に点眼して下さい,点眼　１回＊滴　＊分おきに　１日＊回　＊目,0,999,,,-16777216,,,1,1,0,,,,,,,,,,,,,,,,,,,,,,,,
286,6,ﾃﾝｶﾞﾝ11,点眼　１回＊滴　１日＊回,１回＊滴　１日＊回　点眼して下さい,点眼　１回＊滴　１日＊回,0,999,,,-16777216,,,1,1,0,,,,,,,,,,,,,,,,,,,,,,,,
287,6,ﾃﾝｶﾞﾝ12,点眼　１回＊滴　１日＊回　＊目,１回＊滴　１日＊回　＊目に点眼して下さい,点眼　１回＊滴　１日＊回　＊目,0,999,,,-16777216,,,1,1,0,,,,,,,,,,,,,,,,,,,,,,,,
288,6,ﾃﾝｶﾞﾝ13,点眼　粉末溶解,粉末を添付溶解液に溶かし、点眼して下さい,点眼　粉末溶解,0,999,,,-16777216,,,1,1,0,,,,,,,,,,,,,,,,,,,,,,,,
289,6,ﾃﾝｶﾞﾝ14,点眼　粉末溶解　＊目,粉末を添付溶解液に溶かし、＊目に点眼して下さい,点眼　粉末溶解　＊目,0,999,,,-16777216,,,1,1,0,,,,,,,,,,,,,,,,,,,,,,,,
290,6,ﾃﾝｶﾞﾝ15,点眼　粉末溶解　＊時間毎,粉末を添付溶解液に溶かし、＊時間毎に点眼して下さい,点眼　粉末溶解　＊時間毎,0,999,,,-16777216,,,1,1,0,,,,,,,,,,,,,,,,,,,,,,,,
291,6,ﾃﾝｶﾞﾝ16,点眼　粉末溶解　＊時間毎　＊目,粉末を添付溶解液に溶かし、＊時間毎に＊目に点眼して下さい,点眼　粉末溶解　＊時間毎　＊目,0,999,,,-16777216,,,1,1,0,,,,,,,,,,,,,,,,,,,,,,,,
292,6,ﾃﾝｶﾞﾝ17,点眼　粉末溶解　＊時間毎　＊滴,粉末を添付溶解液に溶かし、＊時間毎に＊滴ずつ点眼して下さい,点眼　粉末溶解　＊時間毎　＊滴,0,999,,,-16777216,,,1,1,0,,,,,,,,,,,,,,,,,,,,,,,,
293,6,ﾃﾝｶﾞﾝ18,点眼　粉末溶解　＊時間毎　＊滴　＊目,粉末を添付溶解液に溶かし、＊時間毎に＊滴ずつ＊目に点眼して下さい,点眼　粉末溶解　＊時間毎　＊滴　＊目,0,999,,,-16777216,,,1,1,0,,,,,,,,,,,,,,,,,,,,,,,,
294,6,ﾃﾝｶﾞﾝ19,点眼　よく振って,よく振って点眼して下さい,点眼　よく振って,0,999,,,-16777216,,,1,1,0,,,,,,,,,,,,,,,,,,,,,,,,
295,6,ﾃﾝｶﾞﾝ20,点眼　よく振って　＊目,よく振って＊目に点眼して下さい,点眼　よく振って　＊目,0,999,,,-16777216,,,1,1,0,,,,,,,,,,,,,,,,,,,,,,,,
296,6,ﾃﾝｶﾞﾝ21,点眼　よく振って　１日＊回,１日＊回　よく振って点眼して下さい,点眼　よく振って　１日＊回,0,999,,,-16777216,,,1,1,0,,,,,,,,,,,,,,,,,,,,,,,,
297,6,ﾃﾝｶﾞﾝ22,点眼　よく振って　１日＊回　＊目,１日＊回　よく振って＊目に点眼して下さい,点眼　よく振って　１日＊回　＊目,0,999,,,-16777216,,,1,1,0,,,,,,,,,,,,,,,,,,,,,,,,
298,6,ﾃﾝｶﾞﾝ23,点眼　よく振って　１回＊滴　１日＊回,１回＊滴　１日＊回　よく振って点眼して下さい,点眼　よく振って　１回＊滴　１日＊回,0,999,,,-16777216,,,1,1,0,,,,,,,,,,,,,,,,,,,,,,,,
299,6,ﾃﾝｶﾞﾝ24,点眼　よく振って　１回＊滴　１日＊回　＊目,１回＊滴　１日＊回　＊目に　よく振って点眼して下さい,点眼　よく振って　１回＊滴　１日＊回　＊目,0,999,,,-16777216,,,1,1,0,,,,,,,,,,,,,,,,,,,,,,,,
300,6,ﾃﾝｶﾞﾝ25,点眼　溶解液,添付溶解液で溶かし、点眼して下さい,点眼　溶解液,0,999,,,-16777216,,,1,1,0,,,,,,,,,,,,,,,,,,,,,,,,
301,6,ﾃﾝｶﾞﾝ26,点眼　溶解液　＊目,添付溶解液で溶かし、＊目に点眼して下さい,点眼　溶解液　＊目,0,999,,,-16777216,,,1,1,0,,,,,,,,,,,,,,,,,,,,,,,,
302,6,ﾃﾝｶﾞﾝ27,点眼　溶解液　１日＊回,添付溶解液で溶かし、１日＊回　点眼して下さい,点眼　溶解液　１日＊回,0,999,,,-16777216,,,1,1,0,,,,,,,,,,,,,,,,,,,,,,,,
303,6,ﾃﾝｶﾞﾝ28,点眼　溶解液　１日＊回　＊目,添付溶解液で溶かし、１日＊回　＊目に点眼して下さい,点眼　溶解液　１日＊回　＊目,0,999,,,-16777216,,,1,1,0,,,,,,,,,,,,,,,,,,,,,,,,
304,6,ﾃﾝｶﾞﾝ29,点眼　溶解液　１回＊滴　１日＊回,添付溶解液で溶かし、１回＊滴　１日＊回　点眼して下さい,点眼　溶解液　１回＊滴　１日＊回,0,999,,,-16777216,,,1,1,0,,,,,,,,,,,,,,,,,,,,,,,,
305,6,ﾃﾝｶﾞﾝ30,点眼　溶解液　１回＊滴　１日＊回　＊目,添付溶解液で溶かし、１回＊滴　１日＊回　＊目に点眼して下さい,点眼　溶解液　１回＊滴　１日＊回　＊目,0,999,,,-16777216,,,1,1,0,,,,,,,,,,,,,,,,,,,,,,,,
306,6,ﾃﾝｼﾞ01,点耳　,適量を点耳して下さい,点耳,0,999,,,-16777216,,,1,1,0,,,,,,,,,,,,,,,,,,,,,,,,
307,6,ﾃﾝｼﾞ02,点耳　＊耳,適量を＊耳に点耳して下さい,点耳　＊耳,0,999,,,-16777216,,,1,1,0,,,,,,,,,,,,,,,,,,,,,,,,
308,6,ﾃﾝｼﾞ03,点耳　１日＊回,１日＊回　点耳して下さい,点耳　１日＊回,0,999,,,-16777216,,,1,1,0,,,,,,,,,,,,,,,,,,,,,,,,
309,6,ﾃﾝｼﾞ04,点耳　１日＊回　＊耳,１日＊回　＊耳に点耳して下さい,点耳　１日＊回　＊耳,0,999,,,-16777216,,,1,1,0,,,,,,,,,,,,,,,,,,,,,,,,
310,6,ﾃﾝｼﾞ05,点耳　溶解液,添付溶解液に溶かして点耳して下さい,点耳　溶解液,0,999,,,-16777216,,,1,1,0,,,,,,,,,,,,,,,,,,,,,,,,
311,6,ﾃﾝｼﾞ06,点耳　溶解液　１日＊回,添付溶解液に溶かして１日＊回　点耳して下さい,点耳　溶解液　１日＊回,0,999,,,-16777216,,,1,1,0,,,,,,,,,,,,,,,,,,,,,,,,
312,6,ﾃﾝｼﾞ07,点耳　溶解液　１日＊回　＊耳,添付溶解液に溶かして１日＊回　＊耳に点耳して下さい,点耳　溶解液　１日＊回　＊耳,0,999,,,-16777216,,,1,1,0,,,,,,,,,,,,,,,,,,,,,,,,
313,6,ﾃﾝｼﾞ08,点耳　よく振って,使用前よく振って適量を点耳して下さい,点耳　よく振って,0,999,,,-16777216,,,1,1,0,,,,,,,,,,,,,,,,,,,,,,,,
314,6,ﾃﾝｼﾞ09,点耳　よく振って　＊耳,使用前よく振って適量を＊耳に点耳して下さい,点耳　よく振って　＊耳,0,999,,,-16777216,,,1,1,0,,,,,,,,,,,,,,,,,,,,,,,,
315,6,ﾃﾝｼﾞ10,点耳　よく振って　１日＊回,使用前よく振って適量を１日＊回　点耳して下さい,点耳　よく振って　１日＊回,0,999,,,-16777216,,,1,1,0,,,,,,,,,,,,,,,,,,,,,,,,
316,6,ﾃﾝｼﾞ11,点耳　よく振って　１日＊回　＊耳,使用前よく振って適量を１日＊回　＊耳に点耳して下さい,点耳　よく振って　１日＊回　＊耳,0,999,,,-16777216,,,1,1,0,,,,,,,,,,,,,,,,,,,,,,,,
317,6,ﾃﾝｼﾞ12,点耳　体温,使用前に体温まで暖めてから点耳して下さい,点耳　体温,0,999,,,-16777216,,,1,1,0,,,,,,,,,,,,,,,,,,,,,,,,
318,6,ﾃﾝｼﾞ13,点耳　体温　＊耳,使用前に体温まで暖めてから＊耳に点耳して下さい,点耳　体温　＊耳,0,999,,,-16777216,,,1,1,0,,,,,,,,,,,,,,,,,,,,,,,,
319,6,ﾃﾝｼﾞ14,点耳　体温　１日＊回,使用前に体温まで暖めてから１日＊回　点耳して下さい,点耳　体温　１日＊回,0,999,,,-16777216,,,1,1,0,,,,,,,,,,,,,,,,,,,,,,,,
320,6,ﾃﾝｼﾞ15,点耳　体温　１日＊回　＊耳,使用前に体温まで暖めてから１日＊回　＊耳に点耳して下さい,点耳　体温　１日＊回　＊耳,0,999,,,-16777216,,,1,1,0,,,,,,,,,,,,,,,,,,,,,,,,
321,6,ﾃﾝﾋﾞ01,点鼻　,点鼻して下さい,点鼻,0,999,,,-16777216,,,1,1,0,,,,,,,,,,,,,,,,,,,,,,,,
322,6,ﾃﾝﾋﾞ02,点鼻　＊鼻,＊鼻腔に点鼻して下さい,点鼻　＊鼻,0,999,,,-16777216,,,1,1,0,,,,,,,,,,,,,,,,,,,,,,,,
323,6,ﾃﾝﾋﾞ03,点鼻　１日＊回,１日＊回　点鼻して下さい,点鼻　１日＊回,0,999,,,-16777216,,,1,1,0,,,,,,,,,,,,,,,,,,,,,,,,
324,6,ﾃﾝﾋﾞ04,点鼻　１日＊回　＊鼻,１日＊回　＊鼻腔に点鼻して下さい,点鼻　１日＊回　＊鼻,0,999,,,-16777216,,,1,1,0,,,,,,,,,,,,,,,,,,,,,,,,
325,6,ﾃﾝﾋﾞ05,点鼻　専用器具,薬を専用の器具を用いて、鼻腔内に噴霧して下さい,点鼻　専用器具,0,999,,,-16777216,,,1,1,0,,,,,,,,,,,,,,,,,,,,,,,,
326,6,ﾃﾝﾋﾞ06,点鼻　専用器具　＊鼻,薬を専用の器具を用いて、＊鼻腔内に噴霧して下さい,点鼻　専用器具　＊鼻,0,999,,,-16777216,,,1,1,0,,,,,,,,,,,,,,,,,,,,,,,,
327,6,ﾃﾝﾋﾞ07,点鼻　専用器具　１日＊回,１日＊回　薬を専用の器具を用いて、鼻腔内に噴霧して下さい,点鼻　専用器具　１日＊回,0,999,,,-16777216,,,1,1,0,,,,,,,,,,,,,,,,,,,,,,,,
328,6,ﾃﾝﾋﾞ08,点鼻　専用器具　１日＊回　＊鼻,１日＊回　薬を専用の器具を用いて、＊鼻腔内に噴霧して下さい,点鼻　専用器具　１日＊回　＊鼻,0,999,,,-16777216,,,1,1,0,,,,,,,,,,,,,,,,,,,,,,,,
329,6,ﾃﾝﾋﾞ09,点鼻　１回＊滴　１日＊回,１回＊滴　１日＊回　点鼻して下さい,点鼻　１回＊滴　１日＊回,0,999,,,-16777216,,,1,1,0,,,,,,,,,,,,,,,,,,,,,,,,
330,6,ﾃﾝﾋﾞ10,点鼻　１回＊滴　１日＊回　＊鼻,１回＊滴　１日＊回　＊鼻腔に点鼻して下さい,点鼻　１回＊滴　１日＊回　＊鼻,0,999,,,-16777216,,,1,1,0,,,,,,,,,,,,,,,,,,,,,,,,
331,6,ﾄｻﾂ1,塗擦剤,清潔な手指で患部によくすりこんで下さい,塗擦,0,999,,,-16777216,,,1,1,0,,,,,,,,,,,,,,,,,,,,,,,,
332,6,ﾄｻﾂ2,塗擦剤　使用方法,使用方法をよく読んで患部に軽くすりこんで下さい,塗擦剤　使用方法,0,999,,,-16777216,,,1,1,0,,,,,,,,,,,,,,,,,,,,,,,,
333,6,ﾄｻﾂ3,塗擦剤　１日＊回,１日＊回　患部によくすりこんで下さい,塗擦剤　１日＊回,0,999,,,-16777216,,,1,1,0,,,,,,,,,,,,,,,,,,,,,,,,
334,6,ﾄﾌ01,塗布,うすく患部にぬって下さい,塗布,0,999,,,-16777216,,,1,1,0,,,,,,,,,,,,,,,,,,,,,,,,
335,6,ﾄﾌ02,塗布　１日＊回,１日＊回　患部にぬって下さい,塗布　１日＊回,0,999,,,-16777216,,,1,1,0,,,,,,,,,,,,,,,,,,,,,,,,
336,6,ﾄﾌ03,塗布　１日２～３回　軽くマッサージ,１日２～３回　患部にふりかけて軽くマッサージして下さい,塗布　１日２～３回　軽くマッサージ,0,999,,,-16777216,,,1,1,0,,,,,,,,,,,,,,,,,,,,,,,,
337,6,ﾄﾌ04,塗布　１日２回　洗顔後,１日２回　洗顔後、患部にぬって下さい,塗布　１日２回　洗顔後,0,999,,,-16777216,,,1,1,0,,,,,,,,,,,,,,,,,,,,,,,,
338,6,ﾄﾌ05,塗布　１日１回　入浴後,１日1回　入浴後、患部にぬって下さい,塗布　１日１回　入浴後,0,999,,,-16777216,,,1,1,0,,,,,,,,,,,,,,,,,,,,,,,,
339,6,ﾄﾌ06,塗布　脱脂綿・ガーゼ,脱脂綿又はガーゼに浸して患部に軽くぬって下さい,塗布　脱脂綿・ガーゼ,0,999,,,-16777216,,,1,1,0,,,,,,,,,,,,,,,,,,,,,,,,
340,6,ﾄﾌ07,塗布　ガーゼ、リント布,適量をガーゼまたはリント布にのばしてぬり、患部に貼って下さい,塗布　ガーゼ、リント布,0,999,,,-16777216,,,1,1,0,,,,,,,,,,,,,,,,,,,,,,,,
341,6,ﾄﾌ08,塗布　チューブ口清潔保管,用法に従い患部にぬって下さい。使用後はチューブの口を清潔に保管して下さい,塗布　チューブ口清潔保管,0,999,,,-16777216,,,1,1,0,,,,,,,,,,,,,,,,,,,,,,,,
342,6,ﾄﾌ09,塗布　塗り重ね,２種類の軟膏をぬり重ねて下さい,塗布　塗り重ね,0,999,,,-16777216,,,1,1,0,,,,,,,,,,,,,,,,,,,,,,,,
343,6,ﾄﾌ10,塗布　希釈　２～１０倍,２～１０倍に薄めて傷にぬって下さい,塗布　希釈　２～１０倍,0,999,,,-16777216,,,1,1,0,,,,,,,,,,,,,,,,,,,,,,,,
344,6,ﾄﾌ11,塗布　希釈　＊倍,＊倍に薄めて傷にぬって下さい,塗布　希釈　＊倍,0,999,,,-16777216,,,1,1,0,,,,,,,,,,,,,,,,,,,,,,,,
345,6,ﾄﾌ12,塗布　よく振り混ぜ,用時によく振り混ぜて１日１～数回患部にぬって下さい,塗布　よく振り混ぜ,0,999,,,-16777216,,,1,1,0,,,,,,,,,,,,,,,,,,,,,,,,
346,6,ﾄﾌ13,塗布　朝：上清液　夜：振り混ぜ,１日２回　朝は上清液を、晩はよく振り混ぜて、洗顔後ぬって下さい,塗布　朝：上清液　夜：振り混ぜ,0,999,,,-16777216,,,1,1,0,,,,,,,,,,,,,,,,,,,,,,,,
347,6,ﾄﾌﾁｭｳﾆｭｳ1,塗布注入剤　,肛門内またはその周囲に注入または塗布して下さい,塗布注入剤　,0,999,,,-16777216,,,1,1,0,,,,,,,,,,,,,,,,,,,,,,,,
348,6,ﾄﾌﾁｭｳﾆｭｳ2,塗布注入剤　１日１～２回,１日１～２回適量を肛門内に注入して下さい,塗布注入剤　１日１～２回,0,999,,,-16777216,,,1,1,0,,,,,,,,,,,,,,,,,,,,,,,,
349,6,ﾄﾌﾁｭｳﾆｭｳ3,塗布注入剤　１日＊回,１日＊回適量を肛門内に注入して下さい,塗布注入剤　１日＊回,0,999,,,-16777216,,,1,1,0,,,,,,,,,,,,,,,,,,,,,,,,
350,6,ﾄﾛｰﾁ1,トローチ,のみこんだり、かみ砕いたりせず、口の中でゆっくり溶かして下さい,トローチ,0,999,,,-16777216,,,1,1,0,,,,,,,,,,,,,,,,,,,,,,,,
351,6,ﾄﾛｰﾁ2,トローチ　１回１錠　１日４回,１回１錠　１日４回　説明書をよく読んで使用して下さい,トローチ　１回１錠　１日４回,0,999,,,-16777216,,,1,1,0,,,,,,,,,,,,,,,,,,,,,,,,
352,6,ﾄﾛｰﾁ3,トローチ　１回＊錠　１日＊回,１回＊錠　１日＊回　説明書をよく読んで使用して下さい,トローチ　１回＊錠　１日＊回,0,999,,,-16777216,,,1,1,0,,,,,,,,,,,,,,,,,,,,,,,,
353,6,ﾊﾟｯﾌﾟ1,パップ剤,皮膚を清潔にして患部に貼って下さい,パップ剤,0,999,,,-16777216,,,1,1,0,,,,,,,,,,,,,,,,,,,,,,,,
354,6,ﾊﾟｯﾌﾟ2,パップ剤　１日１回,１日１回　患部に貼って下さい,パップ剤　１日１回,0,999,,,-16777216,,,1,1,0,,,,,,,,,,,,,,,,,,,,,,,,
355,6,ﾊﾟｯﾌﾟ3,パップ剤　１日１～２回,１日１～２回　患部に貼って下さい,パップ剤　１日１～２回,0,999,,,-16777216,,,1,1,0,,,,,,,,,,,,,,,,,,,,,,,,
356,6,ﾊﾟｯﾌﾟ4,パップ剤　１日＊回,１日＊回　患部に貼って下さい,パップ剤　１日＊回,0,999,,,-16777216,,,1,1,0,,,,,,,,,,,,,,,,,,,,,,,,
357,6,ﾊﾟｯﾌﾟ5,パップ剤　適当な長さ,適当な長さに切り患部に貼って下さい,パップ剤　適当な長さ,0,999,,,-16777216,,,1,1,0,,,,,,,,,,,,,,,,,,,,,,,,
358,6,ﾊﾟｯﾌﾟ6,パップ剤　ネル、リント布,ネルまたはリント布に３～５ｍｍの厚さにぬって患部に貼って下さい,パップ剤　ネル、リント布,0,999,,,-16777216,,,1,1,0,,,,,,,,,,,,,,,,,,,,,,,,
359,6,ﾌﾝﾑ1,噴霧　,用法に従い噴霧して下さい,噴霧,0,999,,,-16777216,,,1,1,0,,,,,,,,,,,,,,,,,,,,,,,,
360,6,ﾌﾝﾑ2,噴霧　１日＊回,１日＊回　噴霧して下さい,噴霧　１日＊回,0,999,,,-16777216,,,1,1,0,,,,,,,,,,,,,,,,,,,,,,,,
361,6,ﾌﾝﾑ3,噴霧　１回＊滴　１日＊回,１回＊滴　１日＊回　噴霧して下さい,噴霧　１回＊滴　１日＊回,0,999,,,-16777216,,,1,1,0,,,,,,,,,,,,,,,,,,,,,,,,
362,6,ﾌﾝﾑ4,噴霧　＊時間毎　１日＊回,＊時間毎に１日＊回　噴霧して下さい,噴霧　＊時間毎　１日＊回,0,999,,,-16777216,,,1,1,0,,,,,,,,,,,,,,,,,,,,,,,,
363,6,ﾌﾝﾑ5,噴霧　１日＊回　＊鼻腔　＊噴霧,１日＊回　＊鼻腔に＊噴霧ずつ噴霧吸入して下さい,噴霧　１日＊回　＊鼻腔　＊噴霧,0,999,,,-16777216,,,1,1,0,,,,,,,,,,,,,,,,,,,,,,,,
364,6,ﾌﾝﾑｷｭｳﾆｭｳ,噴霧吸入,使用方法をよく読み、噴霧吸入して下さい,噴霧吸入,0,999,,,-16777216,,,1,1,0,,,,,,,,,,,,,,,,,,,,,,,,
365,6,ﾛｰｼｮﾝ1,ローション　,用時によく振り混ぜて、患部にぬって下さい,ローション,0,999,,,-16777216,,,1,1,0,,,,,,,,,,,,,,,,,,,,,,,,
366,6,ﾛｰｼｮﾝ2,ローション　１日１～数回,用時によく振り混ぜて、１日１～数回患部にぬって下さい,ローション　１日１～数回,0,999,,,-16777216,,,1,1,0,,,,,,,,,,,,,,,,,,,,,,,,
367,6,ﾛｰｼｮﾝ3,ローション　１日数回,用時によく振り混ぜて、１日数回患部にぬって下さい,ローション　１日数回,0,999,,,-16777216,,,1,1,0,,,,,,,,,,,,,,,,,,,,,,,,
368,6,ﾛｰｼｮﾝ4,ローション　１日＊回,用時によく振り混ぜて、１日＊回患部にぬって下さい,ローション　１日＊回,0,999,,,-16777216,,,1,1,0,,,,,,,,,,,,,,,,,,,,,,,,
369,6,ｼｮｳﾄﾞｸ1,消毒薬,消毒に使用して下さい,消毒薬,0,999,,,-16777216,,,1,1,0,,,,,,,,,,,,,,,,,,,,,,,,
370,6,ｼｮｳﾄﾞｸ2,消毒薬　＊の消毒,＊の消毒に使用して下さい,消毒薬　＊の消毒,0,999,,,-16777216,,,1,1,0,,,,,,,,,,,,,,,,,,,,,,,,
371,6,ｷｭｳﾆｭｳ,外用１日１回１回１吸入,外用１日１回１回１吸入,外用１日１回１回１吸入,0,999,,,-16777216,,,1,1,0,,,,,,,,,,,,,,,,,,,,,,,,
372,6,ﾃﾝｶﾞﾝ,外用１日３回右目点眼,外用１日３回右目点眼,外用１日３回右目点眼,0,999,,,-16777216,,,1,1,0,,,,,,,,,,,,,,,,,,,,,,,,
373,0,1-20,１日１回２０時,１日１回２０時,１日１回２０時,0,999,,,-16777216,,900,1,1,1,時刻,２０時,,,,,,,,,,,,,,,,,,,,,,
374,4,ﾅｲﾃｷ,内滴１回５～１５滴,内滴１回５～１５滴,内滴１回５～１５滴,0,999,,,-16777216,,,1,1,0,,,,,,,,,,,,,,,,,,,,,,,,
375,4,ﾅｲﾃｷ,１回１０～２０滴,１回１０～２０滴,１回１０～２０滴,0,999,,,-16777216,,,1,1,0,,,,,,,,,,,,,,,,,,,,,,,,
376,6,ｺﾝﾜ,外用１日１回弱め混和,外用１日１回弱め混和,外用１日１回弱め混和,0,999,,,-16777216,,,1,1,0,,,,,,,,,,,,,,,,,,,,,,,,
377,4,ﾅｲﾃｷ,内滴１回７滴,内滴１回７滴,内滴１回７滴,0,999,,,-16777216,,,1,1,0,,,,,,,,,,,,,,,,,,,,,,,,
378,0,,×１日２回夕食前・就寝前,１日２回夕食前・就寝前,１日２回夕食前・就寝前,0,999,,,-16777216,,,1,0,0,,,,,,,,,,,,,,,,,,,,,,,,
379,0,1-01100,１日２回朝・昼食後２時間,１日２回朝・昼食後２時間にお飲みください,１日２回朝・昼食後２時間,0,999,,,-16777216,,900,1,1,2,朝,食後,昼,食後,,,,,,,,,,,,,,,,,,,,
380,0,1-01000ｱｻﾏｴ,分１　朝食直前,朝食直前におのみ下さい,分１　朝食直前,0,999,,,-16777216,2,005,0,1,1,朝,食前,,,,,,,,,,,,,,,,,,,,,,
381,0,1-01000ｱｻｱﾄ,分１　朝食直後,朝食後すぐにおのみ下さい,分１　朝食直後,0,999,,,-16777216,3,006,0,1,1,朝,食直後,,,,,,,,,,,,,,,,,,,,,,
382,0,1-00100ﾋﾙﾏｴ,分１　昼食直前,昼食直前におのみ下さい,分１　昼食直前,0,999,,,-16777216,4,008,0,1,1,昼,食直前,,,,,,,,,,,,,,,,,,,,,,
383,0,1-00100ﾋﾙｱﾄ,分１　昼食直後,昼食後すぐにおのみ下さい,分１　昼食直後,0,999,,,-16777216,5,009,0,1,1,昼,食直後,,,,,,,,,,,,,,,,,,,,,,
384,0,1-00010ﾕｳﾏｴ,分１　夕食直前,夕食直前におのみ下さい,分１　夕食直前,0,999,,,-16777216,6,011,0,1,1,夕,食直前,,,,,,,,,,,,,,,,,,,,,,
385,0,1-00010ﾕｳｱﾄ,分１　夕食直後,夕食後すぐにおのみ下さい,分１　夕食直後,0,999,,,-16777216,7,012,0,1,1,夕,食直後,,,,,,,,,,,,,,,,,,,,,,
386,0,2-01100ｱｻﾋﾙﾏｴ,分２　朝昼食直前,朝・昼食直前におのみ下さい,分２　朝昼食直前,0,999,,,-16777216,15,015,0,1,2,朝,食直前,昼,食直前,,,,,,,,,,,,,,,,,,,,
387,0,2-01100ｱｻﾋﾙｱﾄ,分２　朝昼食直後,朝・昼食後すぐにおのみ下さい,分２　朝昼食直後,0,999,,,-16777216,16,016,0,1,2,朝,食直後,昼,食直後,,,,,,,,,,,,,,,,,,,,
388,0,2-01010ｱｻﾕｳﾏｴ,分２　朝夕食直前,朝・夕食直前におのみ下さい,分２　朝夕食直前,0,999,,,-16777216,17,017,0,1,2,朝,食直前,夕,食直前,,,,,,,,,,,,,,,,,,,,
389,0,2-01010ｱｻﾕｳｱﾄ,分２　朝夕食直後,朝・夕食後すぐにおのみ下さい,分２　朝夕食直後,0,999,,,-16777216,18,018,0,1,2,朝,食直後,夕,食直後,,,,,,,,,,,,,,,,,,,,
390,0,2-00110ﾋﾙﾕｳﾏｴ,分２　昼夕食直前,昼・夕食直前におのみ下さい,分２　昼夕食直前,0,999,,,-16777216,21,019,0,1,2,昼,食直前,夕,食直前,,,,,,,,,,,,,,,,,,,,
391,0,2-00110ﾋﾙﾕｳｱﾄ,分２　昼夕食直後,昼・夕食後すぐにおのみ下さい,分２　昼夕食直後,0,999,,,-16777216,22,020,0,1,2,昼,食直後,夕,食直後,,,,,,,,,,,,,,,,,,,,
392,0,3-01110ﾏｴ,分３　毎食直前,毎食直前におのみ下さい,分３　毎食直前,0,999,,,-16777216,30,001,0,1,3,朝,食直前,昼,食直前,夕,食直前,,,,,,,,,,,,,,,,,,
401,7,1-01000ｱｻ,１日１回　朝＊単位,１日１回　朝＊単位　注射して下さい,１日１回　朝＊単位,0,999,,,-16777216,,,1,1,0,,,,,,,,,,,,,,,,,,,,,,,,
402,7,1-00100ﾋﾙ,１日１回　昼＊単位,１日１回　昼＊単位　注射して下さい,１日１回　昼＊単位,0,999,,,-16777216,,,1,1,0,,,,,,,,,,,,,,,,,,,,,,,,
403,7,1-00010ﾕｳ,１日１回　夕＊単位,１日１回　夕＊単位　注射して下さい,１日１回　夕＊単位,0,999,,,-16777216,,,1,1,0,,,,,,,,,,,,,,,,,,,,,,,,
404,7,1-00001ﾈﾙﾏｴ,１日１回　就寝前＊単位,１日１回　寝る前＊単位　注射して下さい,１日１回　就寝前＊単位,0,999,,,-16777216,,,1,1,0,,,,,,,,,,,,,,,,,,,,,,,,
405,7,2-01100ｱｻﾋﾙ,１日２回　朝＊単位　昼＊単位,１日２回　朝＊単位　昼＊単位　注射して下さい,１日２回　朝＊単位　昼＊単位,0,999,,,-16777216,,,1,1,0,,,,,,,,,,,,,,,,,,,,,,,,
406,7,2-01010ｱｻﾕｳ,１日２回　朝＊単位　夕＊単位,１日２回　朝＊単位　夕＊単位　注射して下さい,１日２回　朝＊単位　夕＊単位,0,999,,,-16777216,,,1,1,0,,,,,,,,,,,,,,,,,,,,,,,,
407,7,2-01001ｱｻﾈﾙﾏｴ,１日２回　朝＊単位　就寝前＊単位,１日２回　朝＊単位　寝る前＊単位　注射して下さい,１日２回　朝＊単位　就寝前＊単位,0,999,,,-16777216,,,1,1,0,,,,,,,,,,,,,,,,,,,,,,,,
408,7,2-00110ﾋﾙﾕｳ,１日２回　昼＊単位　夕＊単位,１日２回　昼＊単位　夕＊単位　注射して下さい,１日２回　昼＊単位　夕＊単位,0,999,,,-16777216,,,1,1,0,,,,,,,,,,,,,,,,,,,,,,,,
409,7,2-00101ﾋﾙﾈﾙﾏｴ,１日２回　昼＊単位　就寝前＊単位,１日２回　昼＊単位　寝る前＊単位　注射して下さい,１日２回　昼＊単位　就寝前＊単位,0,999,,,-16777216,,,1,1,0,,,,,,,,,,,,,,,,,,,,,,,,
410,7,2-00011ﾕｳﾈﾙﾏｴ,１日２回　夕＊単位　就寝前＊単位,１日２回　夕＊単位　寝る前＊単位　注射して下さい,１日２回　夕＊単位　就寝前＊単位,0,999,,,-16777216,,,1,1,0,,,,,,,,,,,,,,,,,,,,,,,,
411,7,3-01110ｱｻﾋﾙﾕｳ,１日３回　朝＊単位　昼＊単位　夕＊単位,１日３回　朝＊単位　昼＊単位　夕＊単位　注射して下さい,１日３回　朝＊単位　昼＊単位　夕＊単位,0,999,,,-16777216,,,1,1,0,,,,,,,,,,,,,,,,,,,,,,,,
412,7,3-01101ｱｻﾋﾙﾈﾙﾏｴ,１日３回　朝＊単位　昼＊単位　就寝前＊単位,１日３回　朝＊単位　昼＊単位　就寝前＊単位　注射して下さい,１日３回　朝＊単位　昼＊単位　就寝前＊単位,0,999,,,-16777216,,,1,1,0,,,,,,,,,,,,,,,,,,,,,,,,
413,7,3-00111ﾋﾙﾕｳﾈﾙﾏｴ,１日３回　昼＊単位　夕＊単位　就寝前＊単位,１日３回　朝＊単位　昼＊単位　就寝前＊単位　注射して下さい,１日３回　昼＊単位　夕＊単位　就寝前＊単位,0,999,,,-16777216,,,1,1,0,,,,,,,,,,,,,,,,,,,,,,,,
414,7,9-,１日＊回　＊,１日＊回　＊　注射して下さい,１日＊回　＊,0,999,,,-16777216,,,1,1,0,,,,,,,,,,,,,,,,,,,,,,,,
