1,0,1-1ｱｻｱﾄ,分一朝食後服用,朝食後３０分以内にお飲み下さい。,分一朝食後服用,0,999,0,999,-65536,,006,0,1,1,朝,食後,,,,,,,,,,,,,,,,,,,,,,
2,0,1-6ｱｻﾏｴ30,分一朝食前服用,朝食前３０分にお飲み下さい。,分一朝食前服用,0,999,,,-65536,,005,0,1,1,朝,食前,,,,,,,,,,,,,,,,,,,,,,
3,0,1-ｱｻﾏｴｸｳﾌｸ,分一朝食前空腹時服用,朝食前の空腹時にお飲み下さい。,分一朝食前空腹時服用,0,999,,,-16744448,2,005,0,1,1,朝,食前,,,,,,,,,,,,,,,,,,,,,,
4,0,1-1ﾋﾙｱﾄ,分一昼食後服用,昼食後３０分以内にお飲み下さい。,分一昼食後服用,0,999,,,-23296,,009,0,1,1,昼,食後,,,,,,,,,,,,,,,,,,,,,,
5,0,1-6ﾋﾙﾏｴ30,分一昼食前服用,昼食前３０分にお飲み下さい。,分一昼食前服用,0,999,,,-16744448,,008,0,1,1,昼,食前,,,,,,,,,,,,,,,,,,,,,,
6,0,1-1ﾕｳｱﾄ,分一夕食後服用,夕食後３０分以内にお飲み下さい。,分一夕食後服用,0,999,,,-15132304,,012,0,1,1,夕,食後,,,,,,,,,,,,,,,,,,,,,,
7,0,1-6ﾕｳﾏｴ30,分一夕食前服用,夕食前３０分にお飲み下さい。,分一夕食前服用,0,999,,,-15132304,,011,0,1,1,夕,食前,,,,,,,,,,,,,,,,,,,,,,
8,0,1-2ﾈﾙﾏｴ,分一寝る前服用,寝る前にお飲み下さい。,分一寝る前服用,0,999,,,-7722014,,013,0,1,1,就寝時,,,,,,,,,,,,,,,,,,,,,,,
9,0,1-ｺﾞﾄH,分一２４時間毎服用,２４時間毎にお飲み下さい。,分一２４時間毎服用,0,999,,,-65536,,034,0,1,1,その他,,,,,,,,,,,,,,,,,,,,,,,
10,0,2-7ｼｮｸﾁｮｸｺﾞ,分二朝夕食直後服用,朝・夕食直後にお飲み下さい。,分二朝夕食直後服用,0,999,0,999,-65536,12,018,0,1,2,朝,食直後,夕,食直後,,,,,,,,,,,,,,,,,,,,
11,0,2-2ｼｮｸｾﾞﾝ,分二朝夕食前服用,朝・夕食前３０分にお飲み下さい。,分二朝夕食前服用,0,999,,,-60269,,017,0,1,2,朝,食前,夕,食前,,,,,,,,,,,,,,,,,,,,
12,0,2-1ｱｻｺﾞﾕｳｱﾄ,分二朝夕食後服用,朝・夕食後３０分以内にお飲み下さい,分二朝夕食後服用,0,999,,,-13447886,,018,0,1,2,朝,食後,夕,食後,,,,,,,,,,,,,,,,,,,,
13,0,2-2ｼｮｸｾﾞﾝ,分二朝昼食前服用,朝・昼食前３０分にお飲み下さい。,分二朝昼食前服用,0,999,,,-16744448,,015,0,1,2,朝,食前,昼,食前,,,,,,,,,,,,,,,,,,,,
14,0,2-1ｱｻﾋﾙｱﾄ,分二朝昼食後服用,朝・昼食後３０分以内にお飲み下さい。,分二朝昼食後服用,0,999,,,-65536,,016,0,1,2,朝,食後,昼,食後,,,,,,,,,,,,,,,,,,,,
15,0,2-1ｱｻﾈﾙ,分二朝食後寝る前服用,朝食後３０分以内と寝る前にお飲み下さい。,分二朝食後寝る前服用,0,999,,,-7722014,,036,0,1,2,朝,食後,就寝時,,,,,,,,,,,,,,,,,,,,,
16,6,ﾁｮｳﾌ ｲｸｾﾛﾝ,１回１枚１日１回　２４時間毎に上半身に貼布。,１回１枚を１日１回、２４時間ごとに胸、背中、上腕部のいずれかに貼ってください。,１回１枚１日１回　２４時間毎に上半身に貼布。,0,999,,,-65536,,900,1,1,0,,,,,,,,,,,,,,,,,,,,,,,,
17,0,2-1ﾕｳｱﾄﾈﾙﾏｴ,分二夕食後寝る前服用,夕食後３０分以内と寝る前にお飲み下さい。,分二夕食後寝る前服用,0,999,,,-7722014,,040,0,1,2,夕,食後,就寝時,,,,,,,,,,,,,,,,,,,,,
18,0,2-2ﾕｳﾈﾙﾏｴ,分二夕食前寝る前服用,夕食前３０分と寝る前にお飲み下さい。,分二夕食前寝る前服用,0,999,,,-7722014,,039,0,1,2,夕,食前,就寝時,,,,,,,,,,,,,,,,,,,,,
19,0,2-2ｺﾞﾄ12H,分二１２時間毎服用,１２時間毎にお飲み下さい。,分二１２時間毎服用,0,999,,,-65536,,33,0,1,2,その他,,,,,,,,,,,,,,,,,,,,,,,
20,0,2-1ﾋﾙｱﾄ,分二昼夕食後服用,昼・夕食後３０分以内にお飲み下さい。,分二昼夕食後服用,0,999,0,999,-65536,,020,0,1,2,昼,食後,夕,食後,,,,,,,,,,,,,,,,,,,,
21,0,3-30ﾏｴ,分三毎食前服用,毎食前３０分にお飲み下さい。,分三毎食前服用,0,999,,,-16744448,,1,0,1,3,朝,食前,昼,食前,夕,食前,,,,,,,,,,,,,,,,,,
22,0,3-1,分三毎食後服用,毎食後３０分以内にお飲み下さい。,分三毎食後服用,0,999,,,-16711936,,003,0,1,3,朝,食後,昼,食後,夕,食後,,,,,,,,,,,,,,,,,,
23,0,3-6ｱｲﾀ,分三毎食間服用,毎食後２時間（空腹時）にお飲み下さい,分三毎食間服用,0,999,,,-16744448,,002,0,1,3,朝,食間,昼,食間,夕,食間,,,,,,,,,,,,,,,,,,
24,0,3-1ｱｻﾕｳﾈﾙﾏｴ,分三朝夕食後寝る前,朝・夕食後３０分以内と寝る前にお飲み下さい。,分三朝夕食後寝る前,0,999,,,-65536,,44,0,1,3,朝,食後,夕,食後,就寝時,,,,,,,,,,,,,,,,,,,
25,0,3-2ｱﾄ8H,分三８時間毎服用,８時間毎にお飲み下さい。,分三８時間毎服用,0,999,,,-16744448,,29,0,1,3,その他,,,,,,,,,,,,,,,,,,,,,,,
26,0,3-1ｱｻﾋﾙｱﾄﾈﾙﾏｴ,分三朝昼食後寝る前,朝・昼食後３０分以内と寝る前にお飲み下さい。,分三朝昼食後寝る前,0,999,,,-65536,,042,0,1,3,朝,食後,昼,食後,就寝時,,,,,,,,,,,,,,,,,,,
27,0,3-3ｱｻﾋﾙﾈﾙﾏｴ,分三朝昼食前寝る前,朝・昼食前３０分と寝る前にお飲み下さい。,分三朝昼食前寝る前,0,999,,,-16744448,,41,0,1,3,朝,食前,昼,食前,就寝時,,,,,,,,,,,,,,,,,,,
28,0,3-5ﾁｮｸｺﾞ,分三毎食直後服用,毎食後直後にお飲み下さい。,分三毎食直後服用,0,999,,,-16744448,22,003,0,1,3,朝,食直後,昼,食直後,夕,食直後,,,,,,,,,,,,,,,,,,
29,0,3-ｺﾞ 30M,分三毎食後３０分,毎食後３０分にお飲み下さい。,分三毎食後３０分,0,999,,,-16744448,22,003,0,0,3,朝,食後,昼,食後,夕,食後,,,,,,,,,,,,,,,,,,
30,0,3-1ﾋﾙﾕｳﾈﾙﾏｴ,分三昼夕食後就寝前,昼・夕食後３０分以内と寝る前にお飲み下さい。,分三昼夕食後就寝前,0,999,0,999,-65536,,46,0,1,3,昼,食後,夕,食後,就寝時,,,,,,,,,,,,,,,,,,,
31,0,4-ｱﾄﾈﾙﾏｴ,分四毎食後寝る前,毎食後３０分以内と寝る前にお飲み下さい。,分四毎食後寝る前,0,999,,,-16777216,,021,0,1,4,朝,食後,昼,食後,夕,食後,就寝時,,,,,,,,,,,,,,,,,
32,0,4-2ﾏｴﾈﾙﾏｴ,分四毎食前寝る前,毎食前３０分と寝る前にお飲み下さい。,分四毎食前寝る前,0,999,,,-16744448,,47,0,1,4,朝,食前,昼,食前,夕,食前,就寝時,,,,,,,,,,,,,,,,,
33,0,4-ｱｲﾀﾞﾈﾙﾏｴ,分四毎食間寝る前服用,毎食後２時間（空腹時）と寝る前にお飲み下さい。,分四毎食間寝る前服用,0,999,,,-16777216,,900,0,1,4,朝,食間,昼,食間,夕,食間,就寝時,,,,,,,,,,,,,,,,,
34,0,4-ｺﾞﾄ6H,分四６時間毎服用,６時間毎にお飲み下さい。,分四６時間毎服用,0,999,,,-16777216,,27,0,1,4,その他,,,,,,,,,,,,,,,,,,,,,,,
35,0,6-4H,分六４時間毎服用,４時間毎にお飲み下さい。,分六４時間毎服用,0,999,,,-16777216,,25,0,1,6,その他,,,,,,,,,,,,,,,,,,,,,,,
36,0,6-ﾏｴｱﾄ,分六　医師の指示,医師の指示通りお飲み下さい。,分六　医師の指示,0,999,,,-16777216,,900,0,1,6,その他,,,,,,,,,,,,,,,,,,,,,,,
37,0,2-2ｼｮｸｾﾞﾝﾋ,分二昼夕食前服用,昼・夕食前３０分にお飲み下さい。,分二昼夕食前服用,0,999,0,999,-16744448,,019,0,1,2,昼,食前,夕,食前,,,,,,,,,,,,,,,,,,,,
38,0,3-7ﾊﾂｶﾙ,分三バッカル,１回１錠を、噛み砕いたり、飲み込んだりしないで、口の中で溶かして下さい。,分三バッカル,0,999,0,999,-16777216,,900,0,1,3,その他,,,,,,,,,,,,,,,,,,,,,,,
39,0,2-1ﾋﾙﾈﾙﾏｴ,分二昼食後寝る前服用,昼食後３０分以内と寝る前にお飲み下さい。,分二昼食後寝る前服用,0,999,0,999,-7722014,,038,0,1,2,昼,食後,就寝時,,,,,,,,,,,,,,,,,,,,,
40,0,1-9ｶｸｼﾂｱｻ,朝食後隔日服用,１日おき（朝食後３０分以内）にお飲み下さい。,朝食後隔日服用,0,999,0,999,-65536,1,006,0,1,1,朝,食後,,,,,,,,,,,,,,,,,,,,,,
41,0,1-9ｶｸｼﾂｱｻ,朝食後隔日服用奇数日,１日おき（朝食後３０分以内）にお飲み下さい。,朝食後隔日服用奇数日,0,999,,,-65536,1,006,0,1,1,朝,食後,,,,,,,,,,,,,,,,,,,,,,
42,0,1-9ｶｸｼﾂｱｻ,朝食後隔日服用偶数日,１日おき（朝食後３０分以内）にお飲み下さい。,朝食後隔日服用偶数日,0,999,0,999,-65536,1,006,0,1,1,朝,食後,,,,,,,,,,,,,,,,,,,,,,
43,0,5-4,分五４時間毎服用,毎食後．午後４時．ねる前にお飲み下さい。,分五４時間毎服用,0,999,0,999,-16777216,,25,0,1,5,その他,,,,,,,,,,,,,,,,,,,,,,,
44,0,5-3,分五３時間毎服用,午前９時、午後１２時、３時、９時にお飲み下さい。,分五３時間毎服用,0,999,0,999,-16777216,,24,0,1,5,その他,,,,,,,,,,,,,,,,,,,,,,,
45,0,2-2ｷｼｮｳｼﾞ,分２起床時寝る前服用,起床時と寝る前にお飲み下さい。,分２起床時寝る前服用,0,999,0,999,-7722014,,900,0,1,2,起床時,,就寝時,,,,,,,,,,,,,,,,,,,,,
46,6,ﾄｻﾂ1-ﾌﾘｰ,１日＊回　患部によくすりこむ。,１日＊回　患部によくすりこんで下さい。,塗擦剤,0,999,,,-16777216,,900,1,1,0,,,,,,,,,,,,,,,,,,,,,,,,
47,0,5- 3ｼﾞﾈﾙﾏｴ,分五毎食後４時寝る前,毎食後と午後４時頃と寝る前にお飲みください,分五毎食後４時寝る前,0,999,0,999,-65536,,900,0,1,5,その他,,,,,,,,,,,,,,,,,,,,,,,
48,0,1-2ｵｷﾀﾄｷ,分一起床時服用,起床時にお飲みください。,分一起床時服用,0,999,0,999,-16744448,,048,0,1,1,起床時,,,,,,,,,,,,,,,,,,,,,,,
49,0,3-8ﾁｭｳ,分三毎食事中服用,お食事中にお飲み下さい。,分三毎食事中服用,0,999,0,999,-16181,,900,0,1,3,朝,食中,昼,食中,夕,食中,,,,,,,,,,,,,,,,,,
50,0,1-7ｱｻﾁｮｸｺﾞ,分一朝食直後服用,朝食後すぐにお飲み下さい。,分一朝食直後服用,0,999,0,999,-65536,1,006,0,1,1,朝,食直後,,,,,,,,,,,,,,,,,,,,,,
51,0,1-9ｶｸｼﾂｺﾞﾕｳ,夕食後隔日服用,１日おきに（夕食後３０分以内）にお飲み下さい。,夕食後隔日服用,0,999,0,999,-65536,6,012,0,1,1,夕,食後,,,,,,,,,,,,,,,,,,,,,,
52,0,1-5ｱｻﾁﾖｸｾﾞﾝ,分一朝食直前服用,朝食直前にお飲み下さい。,分一朝食直前服用,0,999,,,-7722014,2,005,0,1,1,朝,食直前,,,,,,,,,,,,,,,,,,,,,,
53,0,1-5ﾕｳﾁﾖｸｾﾞﾝ,分一夕食直前服用,夕食直前にお飲み下さい。,分一夕食直前服用,0,999,,,-7722014,7,011,0,1,1,夕,食直前,,,,,,,,,,,,,,,,,,,,,,
54,0,1-ﾁｭｱﾌﾞﾙﾈﾙﾏｴ,分一寝る前チュアブル,寝る前に口中で溶かすか噛みくだいて飲み込んで下さい。,分一寝る前チュアブル,0,999,,,-11861886,,013,0,1,1,就寝時,,,,,,,,,,,,,,,,,,,,,,,
55,0,2-8ｱｻﾕｳｱｲﾀ,分二朝夕食間（空腹時）,朝食二時間後と夕食二時間後（空腹時）にお飲み下さい。,朝夕食間（空腹時）,0,999,,,-65536,,900,0,1,2,朝,食間,夕,食間,,,,,,,,,,,,,,,,,,,,
56,0,1-9ｶｸｼﾂﾈﾙﾏｴ,就寝前隔日服用,１日おき　寝る前にお飲みください。,就寝前隔日服用,0,999,0,999,-7722014,8,013,0,1,1,就寝時,,,,,,,,,,,,,,,,,,,,,,,
57,0,4-ｼﾖｸｶﾝｽｲ,分４毎食間寝る前水剤,指示された量を、毎食後２時間（空腹時）と寝る前にお飲みください。,分４毎食間寝る前水剤,0,999,,,-16777216,,900,0,1,4,その他,,,,,,,,,,,,,,,,,,,,,,,
58,0,1-ｽｲｱｻｱﾄ,分１朝食後　水剤,指示された量を、朝食後にお飲み下さい。,分１朝食後　水剤,0,999,0,999,-65536,,006,0,1,1,朝,食後,,,,,,,,,,,,,,,,,,,,,,
59,0,1-8ｱｻｱｲﾀ,朝食間（空腹時）,朝食２時間後（空腹時）にお飲み下さい。,朝食間（空腹時）,0,999,,,-65536,,900,0,1,1,朝,食間,,,,,,,,,,,,,,,,,,,,,,
60,0,1-8ﾕｳｱｲﾀ,夕食間（空腹時）,夕食二時間後（空腹時）にお飲み下さい。,夕食間（空腹時）,0,999,,,-65536,,900,0,1,1,夕,食間,,,,,,,,,,,,,,,,,,,,,,
61,0,1-8ﾕｳﾅｶ,分一夕食中服用,夕食事中にお飲みください。,分一夕食中服用,0,999,,,-7722014,,900,0,1,1,夕,食中,,,,,,,,,,,,,,,,,,,,,,
62,0,1-ｷｼｮｳｼﾞ,分１起床時　水剤,指示された量を、起床時にお飲み下さい。,分１夕食前　水剤,0,999,0,999,-65536,,048,1,1,1,起床時,,,,,,,,,,,,,,,,,,,,,,,
63,0,2-5ｽｲｼｮｸｾﾞﾝ,分２朝夕食前　水剤,指示された量を、朝・夕食前にお飲み下さい。,分２朝夕食前　水剤,0,999,0,999,-16777216,,017,0,1,2,その他,,,,,,,,,,,,,,,,,,,,,,,
64,0,1-ﾎﾈｷｼｮｳ,週１回起床時服用　ビスホスホネート,週１回、曜日を決めて起床時に　　　水約１８０ｍｌでお飲み下さい。３０分は横にならず水以外の飲食・薬不可。,週１回起床時服用,0,999,,,-65536,,048,0,1,1,起床時,,,,,,,,,,,,,,,,,,,,,,,
65,6,ﾄﾛｰﾁ,口中でゆっくり溶かす。,そのままのみこんだり、かみ砕いたりせず口の中でゆっくり溶かして下さい。,トローチ,0,999,,,-16777216,,900,1,1,0,,,,,,,,,,,,,,,,,,,,,,,,
66,6,ﾁｮｳﾌ1-2,１日１回〜２回患部に貼付して下さい。,１日１〜２回患部に貼付して下さい。,貼付剤,0,999,,,-7722014,,,1,1,0,,,,,,,,,,,,,,,,,,,,,,,,
67,5,ﾄｳｾｷﾏｴ,透析前,透析前に服用して下さい。,透析前,0,999,,,-16777216,,,1,1,0,,,,,,,,,,,,,,,,,,,,,,,,
68,0,1-5ﾋﾙﾁﾖｸｾﾞﾝ,分一昼食直前服用,昼食直前にお飲み下さい。,分一昼食直前服用,0,999,,,-7722014,5,008,0,1,1,昼,食直前,,,,,,,,,,,,,,,,,,,,,,
69,6,ﾃﾝｶﾞﾝﾌﾘｰ,【＊眼】１日＊回　点眼して下さい。,【＊眼】１日＊回　点眼して下さい。,点眼薬,0,999,,,-16777216,,900,1,1,0,,,,,,,,,,,,,,,,,,,,,,,,
70,6,ﾃﾝｶﾞﾝﾌﾘｰﾚｲｼｮ,【＊眼】１日＊回。冷蔵庫で保存。,【＊眼】１日＊回。冷蔵庫で保存して下さい。,点眼薬　冷所保存。,0,999,,,-16777216,,900,1,1,0,,,,,,,,,,,,,,,,,,,,,,,,
71,0,3-ｽｲ,分３毎食後　水剤,指示された量を，毎食後にお飲み下さい．,分３毎食後　水剤,0,999,0,999,-16777216,,003,0,1,3,朝,食後,昼,食後,夕,食後,,,,,,,,,,,,,,,,,,
72,0,3-8ｼｮｸｶﾝｽｲ,分３毎食間　水剤,食後２時間によく振り、指示された量をお飲み下さい。,分３毎食間　水剤,0,999,0,999,-16777216,,002,0,1,3,その他,,,,,,,,,,,,,,,,,,,,,,,
73,0,1-7ﾕｳﾁｮｸｺﾞ,分一夕食直後服用,夕食後すぐにお飲み下さい。,分一夕食直後服用,0,999,0,999,-65536,6,012,0,1,1,夕,食直後,,,,,,,,,,,,,,,,,,,,,,
74,0,1-9ｶｸｼﾂｲｼｼｼﾞ,分一医師指示隔日服用,１日おき（医師の指示どうり）にお飲み下さい。,分一医師指示隔日服用,0,999,0,999,-65536,,900,0,1,1,その他,,,,,,,,,,,,,,,,,,,,,,,
75,0,3-3ｱｻﾕｳﾈﾙﾏｴ,分三朝夕食前寝る前,朝・夕食前３０分と寝る前にお飲み下さい。,分三朝夕食前寝る前,0,999,,,-16744448,,41,0,1,3,朝,食前,夕,食前,就寝時,,,,,,,,,,,,,,,,,,,
76,0,1-ｽｲｲｼｼｼﾞ,分一医師の指示　水剤,１日１回医師の指示に従ってお飲みください。,分一医師の指示　水剤,0,999,0,999,-16711681,,001,0,1,1,その他,,,,,,,,,,,,,,,,,,,,,,,
77,0,4-ｱﾄﾈﾙﾏｴｽｲ,分四毎食後寝る前水剤,毎食後３０分以内と寝る前にお飲み下さい。,分四毎食後寝る前水剤,0,999,,,-16711681,,021,0,1,4,朝,食後,昼,食後,夕,食後,就寝時,,,,,,,,,,,,,,,,,
78,0,4-ｼﾖｸｾﾝｽｲ,分４毎食前寝る前水剤,指示された量を、毎食前と寝る前にお飲みください。,分４毎食前寝る前水剤,0,999,,,-16181,,,0,0,4,その他,,,,,,,,,,,,,,,,,,,,,,,
79,0,1-7ﾋﾙﾁｮｸｺﾞ,分一昼食直後服用,昼食後すぐにお飲み下さい。,分一昼食直後服用,0,999,0,999,-65536,4,009,0,1,1,昼,食直後,,,,,,,,,,,,,,,,,,,,,,
80,6,ﾃﾝｶﾞﾝ ｷｻﾗﾀﾝ,１日１回　点眼。開封前冷蔵庫保存。目の周り拭き取り,１日１回　点眼して下さい。開封前冷蔵庫に保存。目のまわりをすぐふきとって下さい。,点眼剤,0,999,,,-16777216,,900,1,1,0,,,,,,,,,,,,,,,,,,,,,,,,
81,6,ﾒ101,１日１回　両眼,点眼薬　１日１回　両眼に点眼してください。,点眼薬,0,999,,,-16777216,,900,1,1,0,,,,,,,,,,,,,,,,,,,,,,,,
82,6,ﾃﾝｶﾞﾝﾌﾘｰｼｬｺｳ,【＊眼】１日＊回　点眼。遮光,【＊眼】１日＊回　点眼。直射日光を避けて保存して下さい。,点眼薬,0,999,,,-16777216,,900,1,1,0,,,,,,,,,,,,,,,,,,,,,,,,
83,6,ﾃﾝｶﾞﾝﾌﾘｰﾌﾙ,【＊眼】１日＊回よく振って点眼。,【＊眼】１日＊回よく振って点眼して下さい。,点眼薬,0,999,,,-16777216,,900,1,1,0,,,,,,,,,,,,,,,,,,,,,,,,
84,6,ﾘﾚﾝｻﾞｷｭｳﾆｭｳ,１日２回、１回２ＢＬ吸入して下さい。,医師の指示に従って、１日２回　１回２ＢＬ吸入して下さい。,１日２回、１回２ＢＬ吸入して下さい。,0,999,,,-65536,,900,1,1,0,,,,,,,,,,,,,,,,,,,,,,,,
85,6,ﾃﾝｶﾞﾝﾌﾘｰｲｯｶｹﾞﾂ,【＊眼】１日＊回　点眼して下さい。開封後１ヶ月,【＊眼】１日＊回　点眼して下さい。開封後１ヶ月を過ぎた薬液は使用しないで下さい。,点眼薬,0,999,,,-16777216,,,1,1,0,,,,,,,,,,,,,,,,,,,,,,,,
86,6,ﾃﾝｶﾞﾝﾖｳｶｲﾚｲｼｮ3ｼｭｳｶﾝ,溶解後点眼。冷蔵庫に保存、３週間以内に使用。,溶解後点眼。冷蔵庫に保存し、３週間以内に使用して下さい。,溶解後点眼。冷蔵庫に保存、３週間以内に使用。,0,999,,,-16777216,,900,1,1,0,,,,,,,,,,,,,,,,,,,,,,,,
87,6,ﾃﾝｶﾞﾝﾖｳｶｲﾚｲｼｮ1ｶｹﾞﾂ,溶解後、冷蔵庫に保存、１ヶ月以内に使用。,【＊眼】溶解後、適量を１日＊回点眼。　冷蔵庫に保存し、１ケ月以内に使用して下さい。,点眼薬,0,999,,,-16777216,,,1,1,0,,,,,,,,,,,,,,,,,,,,,,,,
88,6,ﾃﾝｶﾞﾝﾖｳｶｲﾚｲｼｮ4ｼｭｳｶﾝ,添付溶解液で溶かし、【＊眼】１日＊回点眼。,添付溶解液で溶かし、【＊眼】１日＊回点眼。涼所で保存し、４週間以内に使用して下さい。,点眼薬,0,999,,,-16777216,,900,1,1,0,,,,,,,,,,,,,,,,,,,,,,,,
89,6,ﾄｻﾂ,症状により、適量を１日数回患部にすりこむ。,症状により、適量を１日数回患部にすりこんで下さい。,塗擦剤,0,999,,,-16777216,,900,1,1,0,,,,,,,,,,,,,,,,,,,,,,,,
90,5,ﾄｳﾂｳﾊﾂﾈﾂ,疼痛発熱時　１日２回まで,疼痛時あるいは発熱時におのみ下さい【１日２回まで】,疼痛発熱時,0,999,,,-16777077,,,1,1,0,,,,,,,,,,,,,,,,,,,,,,,,
91,6,ｷﾕｳﾆﾕｳ1ｶｲ,医師指示、１日１回吸入。,医師の指示に従って、１日１回吸入して下さい。,医師指示、１日１回吸入。,0,999,,,-65536,,900,1,1,0,,,,,,,,,,,,,,,,,,,,,,,,
92,0,1-9ｶｸｼﾂｱｻ,朝食前隔日服用,１日おき（朝食前３０分以内）にお飲み下さい。,朝食前隔日服用,0,999,0,999,-65536,2,005,0,1,1,朝,食前,,,,,,,,,,,,,,,,,,,,,,
93,6,ﾁｮｳﾌ ﾃﾞｭﾛﾃｯﾌﾟﾊﾟｯﾁ,医師の指示に従い、３日毎に貼り替える。,医師の指示に従って、胸・腹・上腕・太もも等に貼り、３日ごと（約７２時間）に貼り替えて使用して下さい。,医師の指示に従い、３日毎に貼り替える。,0,999,,,-16777088,,900,1,1,0,,,,,,,,,,,,,,,,,,,,,,,,
94,0,1-ｽｲﾈﾙﾏｴ,分１寝る前　水剤,指示された量を、寝る前にお飲み下さい。,分１寝る前　水剤,0,999,0,999,-9807155,,013,0,1,1,その他,,,,,,,,,,,,,,,,,,,,,,,
95,6,ｷｭｳﾆｭｳﾐｵｺｰﾙｽﾌﾟﾚｰ,狭心症発作時、口の中に１回１噴霧する。,狭心症発作時、口の中に１回１噴霧する。効果がない場合もう１噴霧に限り追加する。,狭心症発作時、口の中に１回１噴霧する。,0,999,,,-16777216,,900,1,1,0,,,,,,,,,,,,,,,,,,,,,,,,
96,6,ｽﾌﾟﾚｰ1-ｽｳｶｲ,１日１〜数回患部に噴霧,１日１〜数回適量を患部に噴霧する。,スプレー剤　１日１〜数回患部に噴霧,0,999,,,-7722014,,,1,1,0,,,,,,,,,,,,,,,,,,,,,,,,
97,6,ｺｳｸｳﾅｲﾁｮｳﾌｱﾌﾀｯﾁ,１回１錠、１日１回、白色面を口内患部粘膜に付着させる。,１回１錠ずつ、１日１回、白色面を口内患部粘膜に付着させて下さい。,１回１錠、１日１回、白色面を口内患部粘膜に付着させる。,0,999,,,-16777216,,900,1,1,0,,,,,,,,,,,,,,,,,,,,,,,,
98,6,ﾃﾝｶﾞﾝ1.1ﾌｷﾄﾘｾﾝｶﾞﾝ,１日１回　点眼。目の周りふき取り、洗顔。,１日１回　点眼。目の周りをよくふき取るか、洗顔して下さい。,１日１回　点眼。目の周りふき取り、洗顔。,0,999,,,-16777216,,900,1,1,0,,,,,,,,,,,,,,,,,,,,,,,,
99,6,ﾃﾝｶﾞﾝﾌﾘｰﾌｷﾄﾘ,【＊眼】１日１回、１滴点眼。目の周りふき取り、洗顔。,【＊眼】１日１回、１滴点眼。目の周りをよくふき取るか、洗顔して下さい。,点眼薬,0,999,,,-16777216,,,1,1,0,,,,,,,,,,,,,,,,,,,,,,,,
100,5,ｽﾞﾂｳｼﾞ,頭痛時,頭痛時にお飲みください。,頭痛時,0,999,0,999,-65536,,,1,1,0,,,,,,,,,,,,,,,,,,,,,,,,
101,5,ﾄｳﾂｳ,疼痛時,痛い時に多めの　＜お水・さ湯＞　でおのみ下さい。,疼痛時,0,999,,,-65536,,,1,1,0,,,,,,,,,,,,,,,,,,,,,,,,
102,5,ﾄｳﾂｳﾊﾂﾈﾂ,疼痛発熱時,疼痛時あるいは発熱時におのみ下さい,疼痛発熱時,0,999,,,-16777216,,,1,1,0,,,,,,,,,,,,,,,,,,,,,,,,
103,5,ﾊﾂﾈﾂ,発熱時（３８℃）,発熱時（３８度以上）におのみ下さい,発熱時（３８℃）,0,999,,,-65536,,,1,1,0,,,,,,,,,,,,,,,,,,,,,,,,
104,5,ﾌﾐﾝ,不眠時,眠れない時におのみ下さい。,不眠時,0,999,,,-7722014,,,1,1,0,,,,,,,,,,,,,,,,,,,,,,,,
105,5,ﾍﾞﾝﾋﾟ,便秘時,便秘の時におのみ下さい。,便秘時,0,999,,,-16777216,,,1,1,0,,,,,,,,,,,,,,,,,,,,,,,,
106,5,ﾎﾂｻ,発作時,発作時におのみ下さい。,発作時,0,999,,,-16777216,,,1,1,0,,,,,,,,,,,,,,,,,,,,,,,,
107,5,ｷﾖｳﾂｳﾎﾂｻ,胸痛・発作時,胸痛・発作時にのみこんだり、かみ砕いたりしないで舌の下で自然に溶かして下さい。,胸痛・発作時,0,999,,,-16777216,,,1,1,0,,,,,,,,,,,,,,,,,,,,,,,,
108,5,ｹﾞﾘ,下痢時,下痢をしている時におのみ下さい。,下痢時,0,999,,,-16777216,,,1,1,0,,,,,,,,,,,,,,,,,,,,,,,,
109,5,ﾊｷｹ,嘔吐時,吐き気がある時におのみ下さい。,嘔吐時,0,999,,,-16777216,,,1,1,0,,,,,,,,,,,,,,,,,,,,,,,,
110,5,ｾｷ,咳,咳の出る時におのみ下さい。,咳,0,999,,,-16777216,,,1,1,0,,,,,,,,,,,,,,,,,,,,,,,,
111,5,ｶﾀｺﾘ,肩こり,肩のこる時におのみ下さい。,肩こり,0,999,,,-16777216,,,1,1,0,,,,,,,,,,,,,,,,,,,,,,,,
112,5,ｲﾗｲﾗ,いらいら時,いらいらする時におのみ下さい。,いらいら,0,999,,,-16777216,,,1,1,0,,,,,,,,,,,,,,,,,,,,,,,,
113,5,ﾖｲﾄﾞﾒ,乗り物酔い,乗車３０分前におのみ下さい。,乗り物酔い,0,999,,,-16777216,,,1,1,0,,,,,,,,,,,,,,,,,,,,,,,,
114,5,ﾒﾏｲ,めまい,めまいの強い時におのみ下さい。,めまい,0,999,,,-16777216,,,1,1,0,,,,,,,,,,,,,,,,,,,,,,,,
115,5,ﾎﾂｻﾖｿｳ,発作予想時,発作の予想される時におのみ下さい。,発作予想時,0,999,,,-16777216,,,1,1,0,,,,,,,,,,,,,,,,,,,,,,,,
116,5,ﾄｳﾂｳﾎﾂｻ,疼痛発作予感時,疼痛発作の予感される時におのみ下さい。,疼痛発作予感時,0,999,,,-16777216,,,1,1,0,,,,,,,,,,,,,,,,,,,,,,,,
117,5,ｲｼｼｼ,医師の指示,医師の指示に従っておのみ下さい。,医師の指示,0,999,,,-16777216,,,1,1,0,,,,,,,,,,,,,,,,,,,,,,,,
118,5,ﾑｼｸﾀｼ,駆虫剤,就寝前空腹時（又は早朝空腹時）におのみ下さい。,駆虫剤,0,999,,,-16777216,,,1,1,0,,,,,,,,,,,,,,,,,,,,,,,,
119,5,ﾎﾂｻｾﾂｶ,発作時（舌下・口中）,発作時に舌の下におき、つばで錠剤を溶かして下さい。飲みこまないで下さい。,発作時（舌下・口中）,0,999,,,-16777216,,,1,1,0,,,,,,,,,,,,,,,,,,,,,,,,
120,5,ｲｼｼｼ,医師の指示（就寝時）,医師の指示に従って寝る前におのみ下さい。,医師の指示（就寝時）,0,999,0,999,-16777216,,,1,1,0,,,,,,,,,,,,,,,,,,,,,,,,
121,5,ﾊﾅﾐｽ,鼻水時,鼻水がひどい時,鼻水時,0,999,0,999,-16711681,,,1,1,0,,,,,,,,,,,,,,,,,,,,,,,,
122,5,ｹﾝｻｺ,検査後服用,検査の後にお飲みください。,検査後服用,0,999,0,999,-16711681,,,1,1,0,,,,,,,,,,,,,,,,,,,,,,,,
123,5,ｹﾝｻﾏｴ,検査前服用,検査の前にお飲みください。,検査前服用,0,999,0,999,-16711681,,,1,1,0,,,,,,,,,,,,,,,,,,,,,,,,
124,5,ｶﾕﾐﾉﾋﾄﾞｲﾄｷ,かゆみのひどい時,かゆみのひどい時にお飲み下さい。,かゆみのひどい時,0,999,,,-16181,,,1,1,0,,,,,,,,,,,,,,,,,,,,,,,,
125,5,ﾋﾄﾞｲﾄｷ,症状のひどい時、服用,症状のひどい時、お飲み下さい。,症状のひどい時、服用,0,999,,,-65536,,,1,1,0,,,,,,,,,,,,,,,,,,,,,,,,
126,5,ｺｳｹﾂｱﾂ,高血圧時,血圧が高いときにお飲みください。,高血圧時,0,999,,,-65536,,,1,1,0,,,,,,,,,,,,,,,,,,,,,,,,
127,5,ﾑｸﾐ,浮腫時,むくんだ時に、お飲みください。,浮腫時,0,999,,,-7722014,,,1,1,0,,,,,,,,,,,,,,,,,,,,,,,,
128,5,ﾌｸﾂｳ,腹痛時,腹痛時におのみ下さい。,腹痛時,0,999,,,-65536,,,1,1,0,,,,,,,,,,,,,,,,,,,,,,,,
129,5,ﾍﾝﾂﾂｳｼ,片頭痛時,片頭痛の時にお飲みください。,片頭痛時,0,999,0,999,-65536,,,1,1,0,,,,,,,,,,,,,,,,,,,,,,,,
130,5,ﾑﾈﾔｹ,胸やけする時,胸やけを感じる時お飲みください。,胸やけする時,0,999,,,-65536,,,1,1,0,,,,,,,,,,,,,,,,,,,,,,,,
131,5,ﾊﾂﾈﾂ,発熱時（３７．５℃）,発熱時（３７．５度以上）におのみ下さい。,発熱時（３７．５℃）,0,999,,,-65536,,,1,1,0,,,,,,,,,,,,,,,,,,,,,,,,
132,5,ﾊﾂﾈﾂ,発熱時（３８．５℃）,発熱時（３８．５度以上）におのみ下さい。,発熱時（３８．５℃）,0,999,,,-65536,,,1,1,0,,,,,,,,,,,,,,,,,,,,,,,,
133,5,ﾊﾂﾈ,発熱時,発熱時にお飲み下さい。,発熱時,0,999,,,-65536,,,1,1,0,,,,,,,,,,,,,,,,,,,,,,,,
134,6,ﾃﾝﾋﾞ1ｶｲ2ﾌﾝﾑ,１日１回　各２噴霧,１日１回、各鼻腔に２噴霧ずつ噴霧吸入して下さい。,点鼻剤,0,999,,,-16744448,,900,1,1,0,,,,,,,,,,,,,,,,,,,,,,,,
135,6,ﾃﾝｼﾞ,１回６〜１０滴を１日２回点耳する。約１０分間耳浴。,１回６〜１０滴を１日２回点耳する。点耳後は約１０分間の耳浴を行う。,１日２回、点耳する。,0,999,,,-16777077,,900,1,1,0,,,,,,,,,,,,,,,,,,,,,,,,
136,6,ﾃﾝｼﾞ ｼﾞｺｳｽｲ,医師の指示に従って、点耳して下さい。,医師の指示に従って、点耳して、点耳後１０分間は耳浴して下さい。,点耳薬。,0,999,,,-16777088,,,1,1,0,,,,,,,,,,,,,,,,,,,,,,,,
137,6,ﾒ102,１日１回　右眼,点眼薬　１日１回　右眼に点眼してください。,点眼薬,0,999,,,-16777216,,900,1,1,0,,,,,,,,,,,,,,,,,,,,,,,,
138,0,1-ﾎﾈｷｼｮｳ,分一起床時服用　ビスホスホネート,起床時に水１８０ｍｌとともにお飲みください。（少なくとも３０分は横にならないで水以外他の飲食・薬不可）,分一起床時服用,0,999,0,999,-16744448,,048,0,1,1,起床時,,,,,,,,,,,,,,,,,,,,,,,
139,0,1-ﾎﾈｷｼｮｳ,週１回起床時服用【＊曜日】ビスホスホネート,週１回【＊曜日】起床時に水約１８０ｍｌでお飲み下さい。３０分は横にならず水以外の飲食・薬不可。,週１回起床時服用,0,999,,,-65536,48,048,0,1,1,起床時,,,,,,,,,,,,,,,,,,,,,,,
140,0,2-5ﾁｮｸｾﾞｸﾗﾊﾞﾓｯｸ,分２朝夕食直前　水剤　クラバモックス,よく振り混ぜてから指示された量を、朝・夕食直前にお飲み下さい。冷蔵庫に保存し１０日以内に使用して下さい。,分２朝夕食前　水剤,0,999,,,-3730043,63,017,0,1,2,その他,,,,,,,,,,,,,,,,,,,,,,,
141,6,ﾃﾝｶﾞﾝ1.1ﾚｲ,１日１回　点眼。　冷蔵庫に保存。,１日１回　点眼。　冷蔵庫に保存して下さい。,点眼薬,0,999,,,-16777216,,900,1,1,0,,,,,,,,,,,,,,,,,,,,,,,,
142,0,1-ｽｲﾋﾙﾏｴ,分１昼食前　水剤,指示された量を、昼食前にお飲み下さい。,分１昼食前　水剤,0,999,0,999,-65536,,008,1,1,1,その他,,,,,,,,,,,,,,,,,,,,,,,
143,0,1-8ﾋﾙｱｲﾀ,昼食間（空腹時）,昼食２時間後（空腹時）にお飲み下さい。,昼食間（空腹時）,0,999,,,-65536,,900,0,1,1,昼,食間,,,,,,,,,,,,,,,,,,,,,,
144,0,2-5ｽｲｼｮｸｾﾞﾝﾁ,分２朝食前寝る前　水剤,指示された量を、朝食前・寝る前にお飲み下さい。,分２朝食前寝る前　水剤,0,999,,,-16777216,,035,0,1,2,その他,,,,,,,,,,,,,,,,,,,,,,,
145,0,2-6ｼﾖｸﾁﾖｸｾﾝ,分二朝夕食直前服用,朝・夕食直前にお飲みください。,分二朝夕食直前服用,0,999,0,999,-7722014,11,,0,1,2,朝,食直前,夕,食直前,,,,,,,,,,,,,,,,,,,,
146,0,2-6ｼﾖｸﾁﾖｸｾﾝ,分二朝昼食直前服用,朝・昼食直前にお飲みください。,分二朝昼食直前服用,0,999,0,999,-7722014,13,015,0,1,2,朝,食直前,昼,食直前,,,,,,,,,,,,,,,,,,,,
147,0,ﾁｭｱﾌﾞﾙﾕｳｼｮｸ,分一夕食直後チュアブル,夕食後すぐに、口中で十分に噛みくだいた後、唾液又は小量の水で飲み込んで下さい。,分一夕食直後チュアブル,0,999,,,-11861886,,012,0,1,1,夕,食後,,,,,,,,,,,,,,,,,,,,,,
148,6,ﾌﾘｰ,＊＊＊,＊＊＊,＊＊＊,0,999,,,-16777216,,900,1,1,0,,,,,,,,,,,,,,,,,,,,,,,,
149,0,ﾁｭｱﾌﾞﾙ,分二朝夕食直後チュアブル,朝・夕食後すぐに、口中で十分に噛みくだいた後、唾液又は小量の水で飲み込んで下さい。,分二朝夕食直後チュアブル,0,999,,,-11861886,,018,1,1,2,朝,食後,夕,食後,,,,,,,,,,,,,,,,,,,,
150,6,ﾃﾝｶﾞﾝﾖｳｶｲﾚｲｼｮ､1ｼｭｳｶﾝ,【＊眼】溶解後１回＊滴１日＊回点眼。冷蔵庫に保存。１週間以内,【＊眼】溶解後、１回＊滴１日＊回点眼。冷蔵庫に保存し、１週間以内に使用。,溶解後点眼。冷蔵庫に保存。１週間以内に使用。,0,999,,,-16777216,,900,1,1,0,,,,,,,,,,,,,,,,,,,,,,,,
151,0,ﾁｭｱﾌﾞﾙ,分三毎食直後チュアブル,毎食後すぐに、口中で十分に噛みくだいた後、唾液又は小量の水で飲み込んで下さい。,分三毎食直後チュアブル,0,999,,,-8689426,,003,1,1,3,朝,食後,昼,食後,夕,食後,,,,,,,,,,,,,,,,,,
152,6,ﾌﾘｰﾄﾌ,１日＊回　患部に塗って下さい。,１日＊回　患部に塗って下さい。,１日＊回　患部に塗って下さい。,0,999,,,-16777216,,900,1,1,0,,,,,,,,,,,,,,,,,,,,,,,,
153,6,ﾃﾞｨﾌｪﾘﾝｹﾞﾙ,１日１回、寝る前、洗顔後、患部に適量塗布。,１日１回、寝る前、洗顔後、患部に適量を塗って下さい。,寝る前、洗顔後、患部に適量塗布。,0,999,0,999,-16777216,,900,1,1,0,,,,,,,,,,,,,,,,,,,,,,,,
154,6,ｷｭｳﾆｭｳｳｶﾞｲ,１回１吸入、１日２回、吸入後はうがいする。,１回１吸入、１日２回　吸入する。吸入後は必ず　口の中をうがい又はすすいで下さい。,１回１吸入、１日２回、吸入後はうがいする。,0,999,,,-16777216,,900,1,1,0,,,,,,,,,,,,,,,,,,,,,,,,
155,0,2-6ｼﾖｸﾁﾖｸｾﾝ,分二昼夕食直前服用,昼・夕食直前にお飲みください。,分二昼夕食直前服用,0,999,0,999,-7722014,37,019,0,1,2,昼,食直前,夕,食直前,,,,,,,,,,,,,,,,,,,,
156,6,ｷｭｳﾆｭｳ,１回２吸入を１日１回吸入して下さい。,医師の指示に従って、１回２吸入を１日１回吸入して下さい。,１回２吸入を１日１回吸入して下さい。,0,999,,,-11861886,,900,1,1,0,,,,,,,,,,,,,,,,,,,,,,,,
157,0,1-9ｶｸｼﾂﾋﾙ,昼食後隔日服用,１日おき（昼食後３０分以内）にお飲み下さい。,昼食後隔日服用,0,999,0,999,-65536,4,009,0,1,1,昼,食後,,,,,,,,,,,,,,,,,,,,,,
158,6,ﾃﾝﾋﾞ,点鼻剤　１日６回,１日６回、１回各鼻腔に１噴霧ずつ噴霧吸入して下さい。（起床時・日中約３時間ごとに４回・寝る前）,点鼻剤,0,999,0,999,-16777011,,900,1,1,0,,,,,,,,,,,,,,,,,,,,,,,,
159,0,2-8ﾋﾙﾕｳｱｲﾀ,分二昼夕食間（空腹時）,昼食二時間後と夕食二時間後（空腹時）にお飲み下さい。,昼夕食間（空腹時）,0,999,,,-65536,,900,0,1,2,昼,食間,夕,食間,,,,,,,,,,,,,,,,,,,,
160,6,ﾌﾘｰﾄﾌ,１日＊＊塗って下さい。,１日＊＊塗って下さい。,１日＊＊塗って下さい。,0,999,,,-16777216,,900,1,1,0,,,,,,,,,,,,,,,,,,,,,,,,
161,6,ﾃﾝﾋﾞ,１回１カプセルを１日２回専用の器具で各鼻腔に噴霧して下さい。,１回１カプセルを１日２回専用の器具で各鼻腔に噴霧して下さい。,点鼻剤,0,999,0,999,-16777216,,900,1,1,0,,,,,,,,,,,,,,,,,,,,,,,,
162,6,ﾁｮｳﾌ ﾐﾘｽﾃｰﾌﾟ,１回１枚１日２回　１２時間毎に上半身または大腿部に貼布。,１回１枚を１日２回、１２時ごとに胸、おなか、背中、上腕部又は太もものいずれかに貼る。,１回１枚１日２回　１２時間毎に上半身または大腿部に貼布。,0,999,,,-16777088,,900,1,1,0,,,,,,,,,,,,,,,,,,,,,,,,
163,6,ｷｭｳﾆｭｳﾌﾘｰｳｶﾞｲ,＊、１回１吸入、吸入後はうがいする。,＊、１回１吸入する。吸入後は必ず　口の中をうがい又はすすいで下さい。,＊、１回１吸入。吸入後はうがいする。,0,999,,,-16777216,,900,1,1,0,,,,,,,,,,,,,,,,,,,,,,,,
164,0,1-ﾙﾅﾍﾞﾙ,１日１錠毎日定刻服用。２１日間服用後７日間休薬。これを繰返す,１日１錠を毎日決まった時刻に２１日間飲んで、その後７日間は飲まないで下さい。以上を繰り返して下さい。,１日１錠毎日定刻服用。２１日間服用後７日間休薬。これを繰返す,0,999,0,999,-13447886,,900,1,1,1,その他,,,,,,,,,,,,,,,,,,,,,,,
165,5,ﾌﾘｰ,＊＊,＊＊,＊＊,0,999,,,-16777216,,900,1,1,0,,,,,,,,,,,,,,,,,,,,,,,,
166,5,ﾂﾙ,足がつる時服用。,足がつる時、飲んで下さい。,足がつる時服用。,0,999,,,-16777216,,900,1,1,0,,,,,,,,,,,,,,,,,,,,,,,,
167,6,ﾃﾝｼﾞ ｼﾞｺｳｽｲ,以上を混合して製す。医師の指示通りに耳浴。,医師の指示どおりに使用して下さい。,以上を混合して製す。医師の指示どおりに耳浴。,0,999,,,-16777216,,900,1,1,0,,,,,,,,,,,,,,,,,,,,,,,,
168,6,ﾃﾝｶﾞﾝﾄﾗﾊﾞﾀﾝｽﾞ,１日１回　点眼。目の周りふき取り、洗顔、冷所保存。,１日１回、点眼して下さい。目の周りをよくふき取るか、洗顔して下さい。冷蔵庫に保存。,１日１回、点眼。目の周りふき取り、洗顔、冷所保存。,0,999,,,-16777216,,900,1,1,0,,,,,,,,,,,,,,,,,,,,,,,,
169,0,2-8ﾕｳｱｲﾀﾞﾈﾙﾏｴ,分二夕食間寝る前,夕食２時間後と寝る前にお飲み下さい。,夕食間寝る前,0,999,,,-65536,,900,0,1,2,夕,食後,就寝時,,,,,,,,,,,,,,,,,,,,,
170,6,ｷｭｳﾆｭｳｳｶﾞｲ,１日２回、１回２吸入して下さい。吸入後うがいする。,医師の指示に従って、１日２回　１回２吸入して下さい。吸入後、必ずうがいをして下さい。,１日２回、１回２吸入して下さい。吸入後うがいする。,0,999,,,-12490271,,900,1,1,0,,,,,,,,,,,,,,,,,,,,,,,,
171,6,ﾌﾘｰｷｭｳﾆｭｳ,１日＊回　１回＊吸入して下さい。吸入後うがい。,医師の指示に従って、１日＊回　１回＊吸入して下さい。吸入後、必ずうがいして下さい。,１日＊回　１回＊吸入して下さい。吸入後うがい。,0,999,,,-16777088,,900,1,1,0,,,,,,,,,,,,,,,,,,,,,,,,
172,6,ｷｭｳﾆｭｳﾒﾌﾟﾁﾝｷｯﾄﾞｾｲｼﾞﾝ,成人　よく振って１回４吸入。,よく振ってから１回４吸入して下さい。吸入口は時々取り外し、温水でよく洗い、清潔に保管して下さい。（本体は絶対に水洗いしないこと）,成人　よく振って１回４吸入。,0,999,,,-16777011,,900,1,1,0,,,,,,,,,,,,,,,,,,,,,,,,
173,6,ｷｭｳﾆｭｳﾒﾌﾟﾁﾝｷｯﾄﾞｼｮｳﾆ,小児　よく振って１回２吸入。,よく振ってから１回２吸入して下さい。吸入口は時々取り外し、温水でよく洗い、清潔に保管して下さい。（本体は絶対に水洗いしないこと）,小児　よく振って１回２吸入。,0,999,,,-16777011,,900,1,1,0,,,,,,,,,,,,,,,,,,,,,,,,
174,6,ｷｭｳﾆｭｳﾌﾘｰ,＊、１回＊吸入。,＊、１回＊吸入して下さい。,＊、１回＊吸入。,0,999,,,-16777216,,900,1,1,0,,,,,,,,,,,,,,,,,,,,,,,,
175,5,ﾄﾞｳｷｲｼｼｼﾞ,動悸がする時,ドキドキする時、医師の指示に従ってお飲み下さい。,動悸がする時,0,999,,,-16777088,,900,1,1,0,,,,,,,,,,,,,,,,,,,,,,,,
176,5,ﾍﾝｽﾞﾂｳｰｲﾐｸﾞﾗﾝ,片頭痛,片頭痛がする時１錠飲んで下さい。治まらない場合は前回服用から２時間以上あけ、もう１錠追加服用できます。（１日２錠まで）,,0,999,,,-65536,,900,1,1,0,,,,,,,,,,,,,,,,,,,,,,,,
177,6,ｷｭｳﾆｭｳﾒﾌﾟﾁﾝｴｱｰｼｮｳﾆ,小児　発作時、よく振って１回１吸入。,よく振ってから１回１吸入して下さい。吸入口は時々取り外し、温水でよく洗い、清潔に保管して下さい。（本体は絶対に水洗いしないこと）　１日４吸入までとすること。,小児　発作時、よく振って１回１吸入。,0,999,,,-16777011,,900,1,1,0,,,,,,,,,,,,,,,,,,,,,,,,
178,6,ｷｭｳﾆｭｳﾒﾌﾟﾁﾝｾｲｼﾞﾝ,成人　発作時、よく振って１回２吸入。,発作時、よく振ってから１回２吸入して下さい。吸入口は時々取り外し、温水でよく洗い、清潔に保管して下さい。（本体は絶対に水洗いしないこと）１日４回、８吸入までとすること。,成人　発作時、よく振って１回２吸入。,0,999,,,-16777011,,900,1,1,0,,,,,,,,,,,,,,,,,,,,,,,,
179,6,ｷｭｳﾆｭｳｳｶﾞｲﾌﾙ,よく振って１日２回、１回２吸入。吸入後うがいする。,よく振ってから、１日２回　１回２吸入して下さい。吸入後、必ずうがいをして下さい。,よく振って１日２回、１回２吸入。吸入後うがいする。,0,999,,,-12490271,,900,1,1,0,,,,,,,,,,,,,,,,,,,,,,,,
180,6,ｷｭｳﾆｭｳｳｶﾞｲﾌﾙｼｮｳﾆ,小児　よく振って１日２回、１回１吸入。吸入後うがいする。,よく振ってから、１日２回　１回１吸入して下さい。吸入後、必ずうがいをして下さい。,よく振って１日２回、１回１吸入。吸入後うがいする。,0,999,,,-12490271,,900,1,1,0,,,,,,,,,,,,,,,,,,,,,,,,
181,5,ｱﾚﾙｷﾞｰ,アレルギー発作時,アレルギーが出た時、お飲み下さい。,アレルギー発作時,0,999,,,-15132304,,900,1,1,0,,,,,,,,,,,,,,,,,,,,,,,,
182,0,2-8ｱｻﾋﾙｱｲﾀﾞ,分二朝昼食間（空腹時）,朝食二時間後と昼食二時間後（空腹時）にお飲み下さい。,朝昼食間（空腹時）,0,999,,,-65536,,900,0,1,2,朝,食間,昼,食間,,,,,,,,,,,,,,,,,,,,
183,0,1-ｽｲﾕｳｱﾄ,分１夕食後　水剤,指示された量を、夕食後にお飲み下さい。,分１夕食後　水剤,0,999,0,999,-12490271,,012,1,1,1,その他,,,,,,,,,,,,,,,,,,,,,,,
184,0,ﾌﾛﾘｰﾄﾞｹﾞﾙ,１日＊回　＊食後　経口用,医師の指示に従い、口の中に塗るか、できるだけ長く含んだ後、飲み込んでください。,１日＊回　＊食後　経口用,0,999,,,-16777216,,900,1,1,0,その他,,,,,,,,,,,,,,,,,,,,,,,
185,7,ｲﾝｼｭﾘﾝ,分２　朝・夕食前　注射,朝・夕　食前３０分に皮下注射して下さい。,分２　朝・夕食前　注射,0,999,,,-16744448,,900,1,1,2,朝,食前,夕,食前,,,,,,,,,,,,,,,,,,,,
186,6,ﾄﾌ-ｹﾞﾝﾀｼﾝ,１日＊回患部に塗るかガーゼなどにのばして貼付。,１日＊回　患部に塗るかガーゼなどにのばして貼って下さい。,塗布剤,0,999,,,-16777216,,900,1,1,0,,,,,,,,,,,,,,,,,,,,,,,,
187,5,ﾃｲｹﾂｱﾂｼﾞ,低血圧時,血圧が低い時にお飲みください。,低血圧時,0,999,,,-12490271,,900,1,1,0,,,,,,,,,,,,,,,,,,,,,,,,
188,6,ﾁﾖｳﾌ ﾎﾞﾁｼｰﾄﾌﾘｰ,適当な大きさに切り、＊＊に貼付,適当な大きさに切り、＊＊に貼付して下さい。　涼しい所に保存してください。,貼付剤,0,999,,,-16777216,,900,1,1,0,,,,,,,,,,,,,,,,,,,,,,,,
189,6,ﾃﾝｶﾞﾝ1.1.ｻﾞﾗｶﾑ,１日１回　点眼。　冷蔵庫に保存。ふき取り。,１日１回　点眼。　冷蔵庫に保存して下さい。点眼後、眼瞼皮膚等についた場合には、すぐにふき取って下さい。,点眼薬,0,999,,,-16777216,,900,1,1,0,,,,,,,,,,,,,,,,,,,,,,,,
190,6,ﾃﾝﾋﾞ,１回１カプセルを１日１回専用噴霧器で鼻腔に噴霧して下さい。,１回１カプセルを１日１回専用噴霧器で鼻腔に噴霧して下さい。,点鼻剤,0,999,0,999,-16777216,,900,1,1,0,,,,,,,,,,,,,,,,,,,,,,,,
191,6,ｲﾅﾋﾞﾙｷｭｳﾆｭｳ,成人　説明書に従って、１回に２本４吸入。,説明書に従って、１回に２本４吸入して下さい。,１日２回、１回２ＢＬ吸入して下さい。,0,999,,,-16777088,,900,1,1,0,,,,,,,,,,,,,,,,,,,,,,,,
192,6,ｲﾅﾋﾞﾙｷｭｳﾆｭｳ,小児　説明書に従って、１回に１本２吸入。,説明書に従って、１回に１本２吸入して下さい。,１日２回、１回２ＢＬ吸入して下さい。,0,999,,,-16777088,,900,1,1,0,,,,,,,,,,,,,,,,,,,,,,,,
193,0,2-2ｷｼｮｳｼﾞﾕｳｱﾄ,分二起床時夕食後服用,起床時・夕食後３０分以内にお飲み下さい,分二起床時夕食後服用,0,999,,,-13447886,,900,0,1,2,起床時,,夕,食後,,,,,,,,,,,,,,,,,,,,
194,6,ﾃﾝｶﾞﾝ1.4ﾘﾎﾞｽﾁﾝ,１日４回（朝・昼・夕・寝る前）よく振って点眼。　,１日４回（朝・昼・夕・寝る前）よく振って点眼。　上向きに保管して下さい。　,点眼薬,0,999,,,-16777216,,900,1,1,0,,,,,,,,,,,,,,,,,,,,,,,,
195,0,1-ｽｲﾋﾙｱﾄ,分１昼食後　水剤,指示された量を、昼食後にお飲み下さい。,分１昼食後　水剤,0,999,0,999,-12490271,,012,1,1,1,その他,,,,,,,,,,,,,,,,,,,,,,,
196,6,ﾃﾝｶﾞﾝﾌﾘｰｲﾝﾀｰﾙ,【＊眼】１日＊回　点眼して下さい。一ヶ月以内に使用。,【＊眼】１日＊回　点眼して下さい。開封後、一ヶ月以内に使用して下さい。,点眼薬,0,999,,,-16777088,,900,1,1,0,,,,,,,,,,,,,,,,,,,,,,,,
197,0,1-ﾎﾈｷｼｮｳｼﾞ,月１回起床時服用（３０分）　,１ヶ月に１回、起床時に水約１８０ｍｌでお飲み下さい。３０分は横にならず水以外の飲食・薬不可。,週１回起床時服用,0,999,,,-11861886,,048,0,1,1,起床時,,,,,,,,,,,,,,,,,,,,,,,
198,6,ﾃﾝﾋﾞ ｴﾘｻﾞｽ,１日１回　各鼻腔に１回１噴霧,１日１回　各鼻腔に１回１噴霧して下さい。,点鼻剤　１日１回　各鼻腔に１回１噴霧,0,999,0,999,-16777216,,900,1,1,0,,,,,,,,,,,,,,,,,,,,,,,,
199,6,ﾃﾝﾋﾞ,点鼻剤　１日３回,１日３回、１回各鼻腔に１噴霧ずつ噴霧吸入して下さい。,点鼻剤,0,999,0,999,-16777011,,900,1,1,0,,,,,,,,,,,,,,,,,,,,,,,,
200,6,ﾘﾊﾞｽﾀｯﾁ,医師の指示に従い、２４時間毎に貼り替える。,医師の指示に従って、背部・胸部・上腕部のいずれかの正常で健康な皮膚に貼り、２４時間毎に貼り替えて使用して下さい。,医師の指示に従い、２４時間毎に貼り替える。,0,999,,,-16777088,,900,1,1,0,,,,,,,,,,,,,,,,,,,,,,,,
201,7,ﾁｭｳｼｬ,１日１回　注射。,１日１回　医師の指示に従って　注射して下さい。　冷蔵庫に保存して下さい。,１日１回　注射。遮光、冷所保存。,0,999,,,-16777216,,900,1,1,1,その他,,,,,,,,,,,,,,,,,,,,,,,
202,6,ﾌｪﾝﾄｽﾃｰﾌﾟ,胸部、腹部、上腕部、大腿部等に貼付、２４時間毎に貼り替える。,胸部、腹部、上腕部、大腿部等に貼付し、１日（約２４時間）毎に貼り替えて使用する。,,0,999,,,-16777216,,900,1,1,0,,,,,,,,,,,,,,,,,,,,,,,,
203,5,ｹﾝｻｲｼｼｼ,「検査用」医師の指示に従っておのみ下さい。,「検査用」医師の指示に従っておのみ下さい。,,0,999,,,-16777216,,,1,1,0,,,,,,,,,,,,,,,,,,,,,,,,
204,6,ﾆｭｰﾌﾟﾛﾊﾟｯﾁ,医師の指示に従い、２４時間毎に貼り替える。,医師の指示に従って、肩・上腕部・腹部・側腹部・臀部・大腿部のいずれかの正常な皮膚に貼り、２４時間毎に貼り替えて下さい。,医師の指示に従い、２４時間毎に貼り替える。,0,999,,,-16777088,,900,1,1,0,,,,,,,,,,,,,,,,,,,,,,,,
205,5,ｷﾝﾁｮｳｼﾞ,緊張時,緊張時におのみ下さい。,緊張時,0,999,,,-65536,,,1,1,0,,,,,,,,,,,,,,,,,,,,,,,,
206,6,ﾈﾊﾞﾅｯｸ,手術前日より、医師の指示に従って、よく振り混ぜて、点眼する。,手術前日より、用時よく振り混ぜた後、１回１滴、１日３回点眼する。但し、手術日は術前３回、術後１回点眼する。,点眼薬,0,999,,,-16777216,,900,1,1,0,,,,,,,,,,,,,,,,,,,,,,,,
207,6,ﾃﾝｶﾞﾝｲｼｼｼﾞﾖｸﾌﾙ,医師の指示に従って、よく振ってから点眼。,医師の指示に従ってよく振ってから点眼して下さい。,点眼剤,0,999,,,-16777216,,900,1,1,0,,,,,,,,,,,,,,,,,,,,,,,,
208,0,1-ｽｲﾕｳﾏｴ,分１夕食前　水剤,指示された量を、夕食前にお飲み下さい。,分１夕食前　水剤,0,999,0,999,-65536,,008,1,1,1,その他,,,,,,,,,,,,,,,,,,,,,,,
209,0,1-5ﾈﾙﾁｮｸｾﾞﾝ,分一就寝直前服用,寝る直前にお飲み下さい。,分一寝る前服用,0,999,,,-7722014,8,013,0,1,1,就寝時,,,,,,,,,,,,,,,,,,,,,,,
210,5,ﾍﾝｽﾞﾂｳｰｱﾏｰｼﾞ,片頭痛（アマージ）,片頭痛がする時１錠飲んで下さい。治まらない場合は前回服用から４時間以上あけ、もう１錠追加服用できます。（１日２錠まで）,,0,999,,,-65536,,900,1,1,0,,,,,,,,,,,,,,,,,,,,,,,,
211,6,ｵﾝﾌﾞﾚｽ,１回１カプセルを１日１回専用器具を用いて吸入。,１回１カプセルを１日１回専用器具を用いて吸入してください。,１回１カプセルを１日１回専用器具を用いて吸入。,0,999,,,-16777216,,900,1,1,0,,,,,,,,,,,,,,,,,,,,,,,,
212,6,ﾍﾞｾﾙﾅ,１日１回、週３回、就寝前に塗布。冷所保存。,医師の指示に従って、適量を１日１回、週３回、就寝前に塗布。起床後に薬剤を石鹸を用い、水又は温水で洗い流す。冷蔵庫保存。,,0,999,,,-16777216,,900,1,1,0,,,,,,,,,,,,,,,,,,,,,,,,
213,6,ｷｭｳﾆｭｳｳｶﾞｲ,１日＊回、１回＊吸入して下さい。吸入後うがいする。,医師の指示に従って、１日＊回　１回＊吸入して下さい。吸入後、必ずうがいをして下さい。,１日＊回、１回＊吸入して下さい。吸入後うがいする。,0,999,,,-12490271,,900,1,1,0,,,,,,,,,,,,,,,,,,,,,,,,
214,0,3-ｽｲ,分３毎食前　水剤,指示された量を，毎食前にお飲み下さい．,分３毎食前　水剤,0,999,0,999,-16777216,,001,0,1,3,その他,,,,,,,,,,,,,,,,,,,,,,,
215,6,ﾃﾝｶﾞﾝ1.6,１日６回　点眼。,１日６回　点眼して下さい。,点眼薬,0,999,,,-16777216,,900,1,1,0,,,,,,,,,,,,,,,,,,,,,,,,
216,0,ｶｸｼﾞﾂ,＊日おき　＊食後に服用,＊日おき　＊食後にお飲み下さい。,＊日おきに服用,0,999,0,999,-65536,,900,1,1,1,その他,,,,,,,,,,,,,,,,,,,,,,,
217,6,ﾖｰﾄﾞｺｰﾄ,潰瘍面を清拭後、塗布する。,潰瘍面を清拭後、通常１日１回、患部に約３ｍｍの厚さに塗布する。（直径４ｃｍあたり３ｇを目安に塗布する）滲出液の量が多い場合は、１日２回塗布する。,,0,999,,,-16777088,,,1,1,0,,,,,,,,,,,,,,,,,,,,,,,,
218,6,ﾄﾌ1-2 ｶﾞｰｾﾞ,潰瘍面を清拭後、１日１〜２回ガーゼなどにのばして貼付。,潰瘍面を清拭後、１日１〜２回　ガーゼなどにのばして貼付するか、又は患部に直接塗布して下さい。,塗布剤,0,999,,,-16777216,,900,1,1,0,,,,,,,,,,,,,,,,,,,,,,,,
219,6,ﾃﾝｶﾞﾝ1.4ﾌﾘﾏｾﾞ,１日４回　点眼して下さい。振り混ぜて使用、遮光保存,１日４回　点眼して下さい。よく振り混ぜて使用。点眼口を上向きにして、遮光保存して下さい。,点眼薬,0,999,,,-16777216,,900,1,1,0,,,,,,,,,,,,,,,,,,,,,,,,
220,6,ﾁｮｳﾌｼｬｺｳ*ﾆﾁﾌﾞﾝ,１日１回　患部に貼布。　遮光保存。湿布＊日分,１日１回　患部に貼って下さい。　直射日光を避けて涼しい所に保存して下さい。湿布＊日分,貼付剤　湿布＊日分,0,999,,,-16777216,,900,1,1,0,,,,,,,,,,,,,,,,,,,,,,,,
221,0,3-ｻﾝｽｲｻﾞｲﾏｴ,分三毎食前散剤付水剤,毎食前３０分にお飲み下さい。,分三毎食前散剤付水剤,0,999,0,999,-16181,,,0,1,3,その他,,,,,,,,,,,,,,,,,,,,,,,
222,0,3-ｻﾝｽｲｻﾞｲｱﾄ,分三毎食後散剤付水剤,毎食後３０分にお飲み下さい。,分三毎食後散剤付水剤,0,999,0,999,-16744448,,,0,1,3,その他,,,,,,,,,,,,,,,,,,,,,,,
223,6,ﾄﾌ1 ﾂﾒ ｸﾚﾅﾌｨﾝ,１日１回罹患爪全体に塗布して下さい。,１日１回　罹患爪全体に塗布して下さい。開封後１２週間経過した場合は、残液を使用しないで下さい。火気を避けて保存して下さい。,塗布剤,0,999,,,-16777216,,900,1,1,0,,,,,,,,,,,,,,,,,,,,,,,,
224,6,ｷｭｳﾆｭｳ,１日１回なるべく同じ時間帯に吸入して下さい。,医師の指示に従って、１日１回なるべく同じ時間帯に吸入して下さい。,１日１回なるべく同じ時間帯に吸入して下さい。,0,999,,,-65536,,900,1,1,0,,,,,,,,,,,,,,,,,,,,,,,,
225,6,ﾁｮｳﾌ1-1*ﾆﾁﾌﾞﾝ,１日１回　患部に貼付して下さい。湿布＊日分,１日１回　患部に貼付して下さい。湿布＊日分,貼付剤　湿布＊日分,0,999,,,-7722014,,,1,1,0,,,,,,,,,,,,,,,,,,,,,,,,
226,0,2-ｽｲｱｻﾋﾙｱｲﾀﾞﾈﾙﾏｴ,分３朝昼食間寝る前　水剤,朝・昼食後２時間と寝る前によく振り、指示された量をお飲み下さい。,分３朝昼食間寝る前　水剤,0,999,0,999,-16777216,,002,0,0,3,その他,,,,,,,,,,,,,,,,,,,,,,,
227,6,ﾃﾝﾋﾞ1ｶｲ2ﾌﾝﾑ,（小児）１日１回　各１噴霧,１日１回、各鼻腔に１噴霧ずつ噴霧吸入して下さい。,点鼻剤,0,999,,,-16744448,,900,1,1,0,,,,,,,,,,,,,,,,,,,,,,,,
228,6,ｷｭｳﾆｭｳﾚﾙﾍﾞｱ,１日１回、１回１吸入。吸入後必ずうがいする。,１日１回、１回１吸入。吸入後必ずうがいをしてください。,１日１回、１回１吸入。,0,999,,,-16777216,,900,1,1,0,,,,,,,,,,,,,,,,,,,,,,,,
229,6,ﾄﾌ2 ﾍﾞﾋﾟｵ,１日１回洗顔後、患部に塗布。（冷所）,１日１回　洗顔後、患部にぬって下さい。冷蔵庫で保存して下さい。,塗布剤,0,999,,,-16777216,,900,1,1,0,,,,,,,,,,,,,,,,,,,,,,,,
230,6,ｻﾞﾔｸﾊﾂﾈﾂｼﾞ1-3,１回＊個熱＊℃以上の時。６〜８時間あけて使用。１日３回まで。,１回＊個を熱が＊℃以上の時に肛門内に入れて下さい。６〜８時間あけて使用。１日３回まで。冷蔵庫で保存して下さい。,１回＊個熱＊℃以上の時。６〜８時間あけて使用。１日３回まで。,0,999,,,-16777216,,,1,1,0,,,,,,,,,,,,,,,,,,,,,,,,
231,5,ﾊﾂﾈﾂｼﾞｵｵｸﾎﾞ,熱＊℃以上の時。＊時間以上あけて使用。１日３回まで。,熱＊℃以上の時に＊時間以上あけて使用。１日３回まで。,熱＊℃以上の時。＊時間以上あけて使用。１日３回まで。,0,999,,,-16777216,,,1,1,0,,,,,,,,,,,,,,,,,,,,,,,,
232,0,1-ﾎﾈｷｼｮｳｼﾞ,４週に１回起床時服用　,４週に１回、起床時に水約１８０ｍｌでお飲み下さい。３０分は横にならず水以外の飲食・薬不可。,週１回起床時服用,0,999,,,-11861886,,048,0,1,1,起床時,,,,,,,,,,,,,,,,,,,,,,,
233,0,2-7ｼｮｸﾁｮｸｺﾞ,分二昼夕食直後服用,昼・夕食後直ぐにお飲み下さい。,分二昼夕食後服用,0,999,0,999,-65536,,020,0,1,2,昼,食直後,夕,食直後,,,,,,,,,,,,,,,,,,,,
234,5,,医師の指示通り,,,0,999,,,-16777216,,,1,1,0,,,,,,,,,,,,,,,,,,,,,,,,
235,6,ﾁｮｳﾌ1-ﾌﾘｰ,１日＊回患部に貼付して下さい。,１日＊回患部に貼付して下さい。,貼付剤,0,999,,,-7722014,,,1,1,0,,,,,,,,,,,,,,,,,,,,,,,,
236,0,2-2ｼｮｸｾﾞﾝﾋﾙﾈﾙﾏｴ,分二昼食前寝る前服用,昼食前３０分と寝る前にお飲み下さい,分二昼食前寝る前服用,0,999,,,-7722014,,037,0,1,2,昼,食前,就寝時,,,,,,,,,,,,,,,,,,,,,
237,6,ﾄﾌ1 ｾﾝｶﾞﾝ,１日１回患部に塗布。なお、ざ瘡に対しては洗顔後、患部に塗布。,１日１回　患部にぬって下さい。なお、ざ瘡に対しては洗顔後、患部に塗布して下さい。,塗布剤,0,999,,,-16777216,,900,1,1,0,,,,,,,,,,,,,,,,,,,,,,,,
238,4,ｼﾀﾞﾄﾚﾝ,（シダトレン）内服滴剤,１日１回　舌下に滴下し、２分間保持したあと、飲み込んで下さい。,内服滴剤,0,999,0,999,-16777216,,,1,1,0,,,,,,,,,,,,,,,,,,,,,,,,
239,6,ﾄﾌﾁｭｳﾆｭｳ1-2,通常１日１〜２回適量を患部に塗るか注入する。,通常１日１〜２回　適量を患部に塗るか注入して下さい。（起床時・寝る前・排便後などに使用。）,塗布・注入剤,0,999,,,-16777216,,900,1,1,0,,,,,,,,,,,,,,,,,,,,,,,,
240,7,ﾁｭｳｼｬ ﾄﾙﾘｼﾃｨ,週１回　注射。,週に１回　医師の指示に従って注射して下さい。冷蔵庫に保存して下さい。,週に１回　医師の指示に従って注射して下さい。遮光、冷所保存。,0,999,,,-16777216,,900,1,1,1,その他,,,,,,,,,,,,,,,,,,,,,,,
241,0,3-ｽｲ,分３毎食直後　水剤,指示された量を，毎食直後にお飲み下さい．,分３毎食直後　水剤,0,999,0,999,-16777216,,003,0,1,3,朝,食直後,昼,食直後,夕,食直後,,,,,,,,,,,,,,,,,,
242,0,2-8ｽｲｱｻﾕｳｱｲﾀﾞ,分二朝夕食間（空腹時）　水剤,朝食二時間後と夕食二時間後（空腹時）にお飲み下さい。,朝夕食間（空腹時）　水剤,0,999,,,-16744448,,900,0,1,2,その他,,,,,,,,,,,,,,,,,,,,,,,
243,0,2-4ｽｲｼｮｸｺﾞ,分２朝食後寝る前　水剤,指示された量を、朝食後・寝る前にお飲み下さい。,分２朝食後寝る前　水剤,0,999,,,-16777216,,036,0,1,2,朝,食後,就寝時,,,,,,,,,,,,,,,,,,,,,
244,6,ｲﾅﾋﾞﾙﾖﾎﾞｳ,予防　説明書に従って、１日に１本２吸入。または２本４吸入。,説明書に従って、１日に１本２吸入して下さい。または１日２本４吸入して下さい。,１日１本、１回２ＢＬ吸入。または１日２本４ＢＬ吸入。,0,999,,,-16777088,,900,1,1,0,,,,,,,,,,,,,,,,,,,,,,,,
245,5,ｵｼﾝｵｳﾄ,悪心・嘔吐時,吐き気がある時におのみ下さい。,悪心・嘔吐時,0,999,,,-16777216,,,1,1,0,,,,,,,,,,,,,,,,,,,,,,,,
246,0,2-2ｷｼｮｳｼﾞﾕｳｸｳ,分二起床時夕方空腹時服用,起床時・夕方空腹時にお飲み下さい,分二起床時夕方空腹時服用,0,999,,,-13447886,,900,1,1,2,起床時,,夕,食間,,,,,,,,,,,,,,,,,,,,
247,6,ﾃﾝｶﾞﾝ1.1-3,１日１〜３回　点眼。,１日１〜３回　点眼して下さい。,点眼薬,0,999,,,-16777216,,900,1,1,0,,,,,,,,,,,,,,,,,,,,,,,,
248,6,ﾄﾌ-ｲｼｼｼﾞ,医師の指示に従って患部に塗布。,医師の指示に従って患部にぬって下さい。,塗布剤,0,999,,,-16777216,,900,1,1,0,,,,,,,,,,,,,,,,,,,,,,,,
249,0,2-4ｽｲｼｮｸｺﾞﾋ,分２昼夕食後　水剤,指示された量を、昼・夕食後にお飲み下さい。,分２昼夕食後　水剤,0,999,0,999,-65536,,019,1,1,2,その他,,,,,,,,,,,,,,,,,,,,,,,
250,6,1ﾆﾁ1ｶｲ ｺﾑｸ,１日１回、乾燥した頭部に塗布し、１５分後に洗い流す。,１日１回、乾燥した頭部に患部を中心に適量を塗布し、約１５分後に水又は湯であわ立て、洗い流す。,塗布剤,0,999,,,-16777216,,900,1,1,0,,,,,,,,,,,,,,,,,,,,,,,,
251,6,ﾒ103,１日１回　左眼,点眼薬　１日１回　左眼に点眼してください。,点眼薬,0,999,,,-16777216,,900,1,1,0,,,,,,,,,,,,,,,,,,,,,,,,
252,6,ｷｭｳﾆｭｳ,１回１吸入を１日１回吸入して下さい。,医師の指示に従って、１回１吸入を１日１回吸入して下さい。,１回１吸入を１日１回吸入して下さい。,0,999,,,-11861886,,900,1,1,0,,,,,,,,,,,,,,,,,,,,,,,,
253,6,ﾄﾌ-ｼｳﾝｺｳ1,清潔後　１日数回患部に塗布。,患部を清潔にしたのち、１日数回　適量を直接患部に塗って下さい。,塗布剤,0,999,,,-16777216,,900,1,1,0,,,,,,,,,,,,,,,,,,,,,,,,
254,6,ﾁｮｳﾌ-ｼｳﾝｺｳ1,清潔後　１日数回患部に貼付。,患部を清潔にしたのち、１日数回　適量をガーゼにのばして貼付して下さい。,塗布剤,0,999,,,-16777216,,900,1,1,0,,,,,,,,,,,,,,,,,,,,,,,,
255,6,ﾁｮｳﾌ ﾈｵｷｼ,１日１回、１枚　いずれかに貼布。,１日１回、１枚を下腹部、腰部又は大腿部のいずれかに貼付し、２４時間毎に貼り替える。,貼付剤,0,999,,,-16777216,,900,1,1,0,,,,,,,,,,,,,,,,,,,,,,,,
256,6,ｻﾞﾔｸ1ﾆﾁ1ｺ,１日１個を直腸内に挿入して下さい。,１日１個を直腸内に挿入して下さい。,肛門内挿入,0,999,,,-16777216,,,1,1,0,,,,,,,,,,,,,,,,,,,,,,,,
257,6,ﾃﾝｶﾞﾝ1.3-4,１回１日３〜４回　点眼。,１回１日３〜４回　点眼して下さい。,点眼薬,0,999,,,-16777216,,900,1,1,0,,,,,,,,,,,,,,,,,,,,,,,,
258,6,ﾁｭｳﾆｭｳ-ﾋﾉﾎﾟﾛﾝ,十分に清拭した患部に１日１回適量を注入する。,十分に清拭した患部に１日１回適量を注入する。,十分に清拭した患部に１日１回適量を注入する。,0,999,,,-16777216,,900,1,1,0,,,,,,,,,,,,,,,,,,,,,,,,
259,6,ﾄﾌ-ﾋﾉﾎﾟﾛﾝ,患部を清拭したのち、１日１〜３回適量を使用する。,患部を清拭したのち、１日１〜３回適量を使用する。,患部を清拭したのち、１日１〜３回適量を使用する。,0,999,,,-16777216,,900,1,1,0,,,,,,,,,,,,,,,,,,,,,,,,
260,6,ﾘﾝﾍﾞﾀ-ｶﾞﾝｶﾖｳ,眼科用　１日３〜４回、１日１〜２滴ずつ点眼する。,１日３〜４回、１日１〜２滴ずつ点眼する。,１日３〜４回、１日１〜２滴ずつ点眼する。,0,999,,,-16777216,,,1,1,0,,,,,,,,,,,,,,,,,,,,,,,,
261,6,ﾘﾝﾍﾞﾀ-ｼﾞﾋﾞｶﾖｳ,耳鼻科用　１日１〜数回、適量を点耳。,１日１〜数回、適量を点耳。,１日１〜数回、適量を点耳。,0,999,,,-16777216,,,1,1,0,,,,,,,,,,,,,,,,,,,,,,,,
262,6,ﾒ201,１日２回　両眼,点眼薬　１日２回　両眼に点眼してください。,点眼薬,0,999,,,-16777216,,900,1,1,0,,,,,,,,,,,,,,,,,,,,,,,,
263,6,ﾒ301,１日３回　両眼,点眼薬　１日３回　両眼に点眼してください。,点眼薬,0,999,,,-16777216,,900,1,1,0,,,,,,,,,,,,,,,,,,,,,,,,
264,6,ﾒ501,１日５回　両眼,点眼薬　１日５回　両眼に点眼してください。,点眼薬,0,999,,,-16777216,,900,1,1,0,,,,,,,,,,,,,,,,,,,,,,,,
265,6,ﾒ601,１日６回　両眼,点眼薬　１日６回　両眼に点眼してください。,点眼薬,0,999,,,-16777216,,900,1,1,0,,,,,,,,,,,,,,,,,,,,,,,,
266,6,ﾒ202,１日２回　右眼,点眼薬　１日２回　右眼に点眼してください。,点眼薬,0,999,,,-16777216,,900,1,1,0,,,,,,,,,,,,,,,,,,,,,,,,
267,6,ﾒ302,１日３回　右眼,点眼薬　１日３回　右眼に点眼してください。,点眼薬,0,999,,,-16777216,,900,1,1,0,,,,,,,,,,,,,,,,,,,,,,,,
268,6,ﾒ502,１日５回　右眼,点眼薬　１日５回　右眼に点眼してください。,点眼薬,0,999,,,-16777216,,900,1,1,0,,,,,,,,,,,,,,,,,,,,,,,,
269,6,ﾒ602,１日６回　右眼,点眼薬　１日６回　右眼に点眼してください。,点眼薬,0,999,,,-16777216,,900,1,1,0,,,,,,,,,,,,,,,,,,,,,,,,
270,6,ﾒ203,１日２回　左眼,点眼薬　１日２回　左眼に点眼してください。,点眼薬,0,999,,,-16777216,,900,1,1,0,,,,,,,,,,,,,,,,,,,,,,,,
271,6,ﾒ303,１日３回　左眼,点眼薬　１日３回　左眼に点眼してください。,点眼薬,0,999,,,-16777216,,900,1,1,0,,,,,,,,,,,,,,,,,,,,,,,,
272,6,ﾒ403,１日４回　左眼,点眼薬　１日４回　左眼に点眼してください。,点眼薬,0,999,,,-16777216,,900,1,1,0,,,,,,,,,,,,,,,,,,,,,,,,
273,6,ﾒ503,１日５回　左眼,点眼薬　１日５回　左眼に点眼してください。,点眼薬,0,999,,,-16777216,,900,1,1,0,,,,,,,,,,,,,,,,,,,,,,,,
274,6,ﾒ603,１日６回　左眼,点眼薬　１日６回　左眼に点眼してください。,点眼薬,0,999,,,-16777216,,900,1,1,0,,,,,,,,,,,,,,,,,,,,,,,,
275,6,ﾒ001,指示通り,点眼薬　医師の指示に従って使用してください。,点眼薬,0,999,,,-16777216,,900,1,1,0,,,,,,,,,,,,,,,,,,,,,,,,
276,6,ﾒ1ｱ1,１日１回（朝）両眼,点眼薬　１日１回　朝　両眼に点眼してください。,点眼薬,0,999,,,-16777216,,900,1,1,0,,,,,,,,,,,,,,,,,,,,,,,,
277,6,ﾒ1ｱ2,１日１回（朝）右眼,点眼薬　１日１回　朝　右眼に点眼してください。,点眼薬,0,999,,,-16777216,,900,1,1,0,,,,,,,,,,,,,,,,,,,,,,,,
278,6,ﾒ1ｱ3,１日１回（朝）　左眼,点眼薬　１日１回　朝　左眼に点眼してください。,点眼薬,0,999,,,-16777216,,900,1,1,0,,,,,,,,,,,,,,,,,,,,,,,,
279,6,ﾒ1ﾈﾙ1,１日１回（寝る前）　両眼,点眼薬　１日１回　寝る前　両眼に点眼してください。,点眼薬,0,999,,,-16777216,,900,1,1,0,,,,,,,,,,,,,,,,,,,,,,,,
280,6,ﾒ1ﾈﾙ2,１日１回（寝る前）　右眼,点眼薬　１日１回　寝る前　右眼に点眼してください。,点眼薬,0,999,,,-16777216,,900,1,1,0,,,,,,,,,,,,,,,,,,,,,,,,
281,6,ﾒ1ﾈﾙ3,１日１回（寝る前）　左眼,点眼薬　１日１回　寝る前　左眼に点眼してください。,点眼薬,0,999,,,-16777216,,900,1,1,0,,,,,,,,,,,,,,,,,,,,,,,,
282,6,ﾒ12,１日１〜２回　点眼,点眼薬　１日１〜２回　点眼して下さい。,点眼薬,0,999,,,-16777216,,900,1,1,0,,,,,,,,,,,,,,,,,,,,,,,,
283,6,ﾒ13,１日１〜３回　点眼,点眼薬　１日１〜３回　点眼して下さい。,点眼薬,0,999,,,-16777216,,900,1,1,0,,,,,,,,,,,,,,,,,,,,,,,,
284,6,ﾒ23,１日２〜３回　点眼,点眼薬　１日２〜３回　点眼して下さい。,点眼薬,0,999,,,-16777216,,900,1,1,0,,,,,,,,,,,,,,,,,,,,,,,,
285,6,ﾒ24,１日２〜４回　点眼,点眼薬　１日２〜４回　点眼して下さい。,点眼薬,0,999,,,-16777216,,900,1,1,0,,,,,,,,,,,,,,,,,,,,,,,,
286,6,ﾒ34,１日３〜４回　点眼,点眼薬　１日３〜４回　点眼して下さい。,点眼薬,0,999,,,-16777216,,900,1,1,0,,,,,,,,,,,,,,,,,,,,,,,,
287,6,ﾒ35,１日３〜５回　点眼,点眼薬　１日３〜５回　点眼して下さい。,点眼薬,0,999,,,-16777216,,900,1,1,0,,,,,,,,,,,,,,,,,,,,,,,,
288,6,ﾒ45,１日４〜５回　点眼,点眼薬　１日４〜５回　点眼して下さい。,点眼薬,0,999,,,-16777216,,900,1,1,0,,,,,,,,,,,,,,,,,,,,,,,,
289,6,ﾒ46,１日４〜６回　点眼,点眼薬　１日４〜６回　点眼して下さい。,点眼薬,0,999,,,-16777216,,900,1,1,0,,,,,,,,,,,,,,,,,,,,,,,,
290,6,ﾒ56,１日５〜６回　点眼,点眼薬　１日５〜６回　点眼して下さい。,点眼薬,0,999,,,-16777216,,900,1,1,0,,,,,,,,,,,,,,,,,,,,,,,,
291,6,ﾒｽｳ,１日数回　両眼,点眼薬　１日数回　点眼してください。,点眼薬,0,999,,,-16777216,,900,1,1,0,,,,,,,,,,,,,,,,,,,,,,,,
292,6,ﾒｶﾕｲ,かゆい時　点眼,点眼薬　かゆい時　点眼してください。,点眼薬,0,999,,,-16777216,,900,1,1,0,,,,,,,,,,,,,,,,,,,,,,,,
293,6,ﾒﾂｶﾚ,疲れた時　点眼,点眼薬　疲れた時　点眼してください。,点眼薬,0,999,,,-16777216,,900,1,1,0,,,,,,,,,,,,,,,,,,,,,,,,
294,6,ﾒｶﾜｷ,乾いた時　点眼,点眼薬　乾いた時　点眼してください。,点眼薬,0,999,,,-16777216,,900,1,1,0,,,,,,,,,,,,,,,,,,,,,,,,
295,6,ﾒ0ﾍﾞ,１日＊回＊眼（ベストロン）,点眼薬　１日＊回　＊眼に点眼してください。溶解後は冷蔵庫に保存し、７日以内に使用してください。,点眼薬,0,999,,,-16777216,,900,1,1,0,,,,,,,,,,,,,,,,,,,,,,,,
296,6,ﾒ10ﾚ,１日１回（）眼（冷所）,点眼薬　１日１回　＊眼に点眼してください。冷蔵庫に保存してください。,点眼薬,0,999,,,-16777216,,900,1,1,0,,,,,,,,,,,,,,,,,,,,,,,,
297,6,ｶﾞﾝ100,１日＊回＊眼　眼軟膏,眼軟膏　１日＊回＊眼に使用してください。,眼軟膏　１日＊回＊眼に使用してください。,0,999,,,-16777216,,,1,1,0,,,,,,,,,,,,,,,,,,,,,,,,
298,6,ｶﾞﾝﾌﾙ,指示通り,眼軟膏　医師の指示通り使用してください。,眼軟膏　医師の指示通り使用してください。,0,999,,,-16777216,,,1,1,0,,,,,,,,,,,,,,,,,,,,,,,,
299,6,ｳｶﾞｲｱｽﾞﾉｰﾙ,5〜７滴を約１００ｍｌの水に溶かして１日数回含嗽,,,0,999,,,-16777216,,900,1,1,0,,,,,,,,,,,,,,,,,,,,,,,,
300,0,1-ﾎﾈｷｼｮｳｼﾞ(ﾎﾞﾝﾋﾞﾊﾞ),月１回起床時服用（６０分）　,１ヶ月に１回、起床時に充分量の水でお飲み下さい。６０分は横にならず水以外の飲食・薬不可。,週１回起床時服用,0,999,,,-11861886,,048,0,1,1,起床時,,,,,,,,,,,,,,,,,,,,,,,
301,6,ﾃﾝｶﾞﾝ1.3-5ｼｬｺｳ,１日３〜５回　点眼。直射日光を避けて保存。,１日３〜５回　点眼。直射日光を避けて保存して下さい。,点眼薬,0,999,,,-16777216,,900,1,1,0,,,,,,,,,,,,,,,,,,,,,,,,
302,6,ﾃﾝｶﾞﾝ ｿﾌｺﾝﾌｶ,１日数回よく振って点眼。ソフトコンタクト不可。,１日数回よく振って点眼。ソフトコンタクトレンズ装用時の点眼は避けて下さい。,点眼薬,0,999,,,-16777216,,900,1,1,0,,,,,,,,,,,,,,,,,,,,,,,,
303,6,ｻﾞﾔｸﾊﾂﾈﾂｼﾞ,１回＊個熱＊℃以上の時。６〜８時間あけて使用。,１回＊個を熱が＊℃以上の時に肛門内に入れて下さい。６〜８時間あけて使用。冷蔵庫で保存して下さい。,１回＊個熱＊℃以上の時。６〜８時間あけて使用。,0,999,,,-16777216,,,1,1,0,,,,,,,,,,,,,,,,,,,,,,,,
304,6,ﾃﾝｶﾞﾝ1.1ﾖｳｶｲ.ﾚｲ,添付溶解液で溶かし１日１回点眼。冷所保存、１週間以内,添付溶解液で溶かし、１日１回点眼。冷蔵庫に保存し、１週間以内に使用して下さい。,点眼薬,0,999,,,-16777216,,900,1,1,0,,,,,,,,,,,,,,,,,,,,,,,,
305,6,ﾃﾝｶﾞﾝ1.3-6ｼｬｺ,１日３〜６回　点眼。　直射日光を避けて保存。,１日３〜６回　点眼。　直射日光を避けて保存して下さい。,点眼薬,0,999,,,-16777216,,900,1,1,0,,,,,,,,,,,,,,,,,,,,,,,,
306,6,ﾃﾝｶﾝ1-3,１日１〜３回　点眼。,１日１〜３回　点眼して下さい。,点眼薬,0,999,,,-16777216,,900,1,1,0,,,,,,,,,,,,,,,,,,,,,,,,
307,6,ﾃﾝｶﾞﾝ1.1,１日１回　点眼。,１日１回　点眼して下さい。,点眼薬,0,999,,,-16777216,,900,1,1,0,,,,,,,,,,,,,,,,,,,,,,,,
308,6,ﾃﾝｶﾞﾝ1.2,１日２回　点眼。,１日２回　点眼して下さい。,点眼薬,0,999,,,-16777216,,900,1,1,0,,,,,,,,,,,,,,,,,,,,,,,,
309,6,ﾃﾝｶﾞﾝ1.2.3-5ﾌﾝ,３〜５分おきに２回点眼。,３〜５分おきに２回点眼して下さい。,点眼薬,0,999,,,-16777216,,900,1,1,0,,,,,,,,,,,,,,,,,,,,,,,,
310,6,ﾃﾝｶﾝ1-2.2-4,１回１〜２滴　１日２〜４回よく振って点眼。,１回１〜２滴　１日２〜４回よく振って点眼して下さい。,点眼薬,0,999,,,-16777216,,900,1,1,0,,,,,,,,,,,,,,,,,,,,,,,,
311,0,1-ｻﾞﾌｧﾃｯｸ,１週間に１回服用,１週間に１回お飲みください。,週１回服用,0,999,,,-16777216,,900,1,1,1,その他,,,,,,,,,,,,,,,,,,,,,,,
312,6,ﾁｮｳﾌ1-1､1ﾆﾁ*ﾏｲ,１日１回　患部に貼付して下さい。湿布１日＊枚,１日１回　患部に貼付して下さい。湿布１日＊枚,貼付剤　湿布１日＊枚,0,999,,,-7722014,,,1,1,0,,,,,,,,,,,,,,,,,,,,,,,,
313,6,ﾃﾝｶﾞﾝﾖｳｶｲ1.3-5,添付溶解液で溶かし　１日３〜５回点眼。４週間以内,添付溶解液で溶かし、１日３〜５回点眼。涼所で保存し、４週間以内に使用,点眼薬,0,999,,,-16777216,,900,1,1,0,,,,,,,,,,,,,,,,,,,,,,,,
314,6,ﾃﾝｶﾞﾝ1.2-4,１日２〜４回　点眼。,１日２〜４回　点眼して下さい。,点眼薬,0,999,,,-16777216,,900,1,1,0,,,,,,,,,,,,,,,,,,,,,,,,
315,6,ﾃﾝｶﾞﾝ1.4ｼｬｺｳ,１日４回　点眼。　遮光保存。,１日４回　点眼して下さい。遮光袋に入れて、直射日光を避けて保存して下さい。,点眼薬,0,999,,,-16777216,,900,1,1,0,,,,,,,,,,,,,,,,,,,,,,,,
316,6,ﾃﾝｶﾞﾝ1.5-6,１日５〜６回　点眼して下さい。,１日５〜６回　点眼して下さい。,点眼薬,0,999,,,-16777216,,900,1,1,0,,,,,,,,,,,,,,,,,,,,,,,,
317,6,ﾁｮｳﾌ1-ﾌﾘｰ*ﾆﾁﾌﾞﾝ,１日＊回患部に貼付して下さい。湿布＊日分,１日＊回患部に貼付して下さい。湿布＊日分,貼付剤　湿布＊日分,0,999,,,-7722014,,,1,1,0,,,,,,,,,,,,,,,,,,,,,,,,
318,6,ﾃﾝｶﾞﾝ1.1-ｽｳｶｲｼｬｺｳ,適量を１日１〜数回点眼。　直射日光を避けて保存,適量を１日１〜数回点眼。　直射日光を避けて保存して下さい。,点眼薬,0,999,,,-16777216,,900,1,1,0,,,,,,,,,,,,,,,,,,,,,,,,
319,6,ﾃﾝｶﾞﾝ1.1-ｽｳｶｲ.ﾌﾙ,１日１〜数回よく振って点眼。,１日１〜数回よく振って点眼して下さい。,点眼薬,0,999,,,-16777216,,900,1,1,0,,,,,,,,,,,,,,,,,,,,,,,,
320,6,ﾁｮｳﾌ1-ﾌﾘｰ1ﾆﾁ*ﾏｲ,１日＊回患部に貼付して下さい。湿布１日＊枚,１日＊回患部に貼付して下さい。湿布１日＊枚,貼付剤　湿布１日＊枚,0,999,,,-7722014,,,1,1,0,,,,,,,,,,,,,,,,,,,,,,,,
321,6,ﾃﾝｶﾞﾝ2-3ｼﾞｶﾝ.2-3ﾃｷ,粉末を添付溶解液に溶かし、２〜３時間毎に２〜３滴ずつ点眼。,粉末を添付溶解液に溶かし、２〜３時間毎に２〜３滴ずつ点眼。溶解後７日以内に使用。,点眼薬,0,999,,,-16777216,,900,1,1,0,,,,,,,,,,,,,,,,,,,,,,,,
322,6,ﾁｮｳﾌ2*ﾆﾁﾌﾞﾝ,１日２回患部に貼付して下さい。湿布＊日分,１日２回患部に貼付して下さい。湿布＊日分,貼付剤　湿布＊日分,0,999,,,-16777216,,,1,1,0,,,,,,,,,,,,,,,,,,,,,,,,
323,6,ﾁｮｳﾌ2､1ﾆﾁ*ﾏｲ,１日２回患部に貼付して下さい。湿布１日＊枚,１日２回患部に貼付して下さい。湿布１日＊枚,貼付剤　湿布１日＊枚,0,999,,,-16777216,,,1,1,0,,,,,,,,,,,,,,,,,,,,,,,,
324,7,ﾁｭｳｼｬﾌﾟﾗﾙｴﾝﾄ,２週１回　皮下注射,２週に１回　医師の指示に従って皮下注射して下さい。,２週に１回　皮下注射,0,999,,,-16777216,,900,1,1,1,その他,,,,,,,,,,,,,,,,,,,,,,,
325,6,ﾁｮｳﾌｰﾌﾗﾝﾄﾞﾙﾃｰﾌﾟ,１日１枚、上半身（胸・背中・上腹部）に貼って下さい。,１日１枚、上半身（胸・背中・上腹部）に貼って下さい。,１日１枚、上半身（胸・背中・上腹部）に貼って下さい。,0,999,,,-16777216,,900,1,1,0,,,,,,,,,,,,,,,,,,,,,,,,
326,6,ﾄﾌ1-2ﾃｷﾘｮｳ,１日２回　適量を塗布,１日２回　適量を塗って下さい。,１日２回　適量を塗布,0,999,,,-16777216,,,1,1,0,,,,,,,,,,,,,,,,,,,,,,,,
327,5,,喘息発作時,,,0,999,,,-16777216,,,1,1,0,,,,,,,,,,,,,,,,,,,,,,,,
328,6,ﾃﾝｶﾞﾝ1.4,１日４回　点眼して下さい。,１日４回　点眼して下さい。,点眼薬,0,999,,,-16777216,,900,1,1,0,,,,,,,,,,,,,,,,,,,,,,,,
329,6,ﾃﾝｶﾞﾝ1.2-5,１日２〜５回　点眼して下さい。,１日２〜５回　点眼して下さい。,点眼薬,0,999,,,-16777216,,900,1,1,0,,,,,,,,,,,,,,,,,,,,,,,,
330,6,ｷｭｳﾆｭｳﾒﾌﾟﾁﾝｽｲﾝｸﾞﾍﾗｰ,小児　発作時、１回１吸入。,発作時、１回１吸入して下さい。１日４吸入までとすること。,小児　発作時、１回１吸入。,0,999,,,-16777011,,900,1,1,0,,,,,,,,,,,,,,,,,,,,,,,,
331,6,ﾃﾝｶﾞﾝ1.2ｼｬｺｳ,１日２回　点眼。　直射日光を避けて保存。,１日２回　点眼。　直射日光を避けて保存して下さい。,点眼薬,0,999,,,-16777216,,900,1,1,0,,,,,,,,,,,,,,,,,,,,,,,,
332,6,ｷｭｳﾆｭｳﾒﾌﾟﾁﾝｽｲﾝｸｾｲｼﾞﾝ,成人　発作時、１回２吸入。,発作時、１回２吸入して下さい。１日４回までとすること。,成人　発作時、１回２吸入。,0,999,,,-16777011,,900,1,1,0,,,,,,,,,,,,,,,,,,,,,,,,
333,6,ﾃﾝｶﾞﾝ1.4ｼｬｺｳ1ｶｹﾞﾂ,１日４回（朝・昼・夕・寝る前）点眼。　,１日４回（朝・昼・夕・寝る前）点眼。　直射日光を避け１ケ月以内に使用して下さい。,点眼薬,0,999,,,-16777216,,900,1,1,0,,,,,,,,,,,,,,,,,,,,,,,,
334,6,ﾃﾝｶﾞﾝ1.1-2,１日１〜２回　点眼。,１日１〜２回　点眼して下さい。,点眼薬,0,999,,,-16777216,,900,1,1,0,,,,,,,,,,,,,,,,,,,,,,,,
335,6,ﾃﾝｶﾞﾝ1.1ｶｲﾌｳｺﾞ,１日１回　点眼。開封後１ヶ月まで。,１日１回　点眼して下さい。開封後１ヶ月を過ぎた薬液は使用しないで下さい。,点眼薬,0,999,,,-16777216,,900,1,1,0,,,,,,,,,,,,,,,,,,,,,,,,
336,6,ﾃﾝｶﾞﾝ ｷｻﾗﾀﾝ ﾈﾙﾏｴ,寝る前点眼。開封前冷蔵庫に保存。目の周りふき取り。,１回１滴　１日１回寝る前に点眼して下さい。開封前冷蔵庫に保存。目の周りをすぐふきとって下さい。,点眼剤,0,999,,,-16777216,,900,1,1,0,,,,,,,,,,,,,,,,,,,,,,,,
337,6,ﾃﾝｶﾞﾝｶﾀﾘﾝ,溶解後、１日３〜５回点眼。冷所に遮光保存。,溶解後、１日３〜５回点眼。冷所に遮光保存し、３週間以内に使用して下さい。,溶解後、１日３〜５回点眼。冷所に遮光保存。,0,999,,,-16777216,,900,1,1,0,,,,,,,,,,,,,,,,,,,,,,,,
338,6,ﾃﾝｶﾞﾝ1.3-5ﾌﾘﾏｾﾞ,１日３〜５回　点眼して下さい。用時　振り混ぜ。,良く振り混ぜてから、１日３〜５回　点眼して下さい。,点眼薬,0,999,,,-16777216,,900,1,1,0,,,,,,,,,,,,,,,,,,,,,,,,
339,6,ﾄﾌ-ﾄｻﾂ,１日１〜数回　患部に塗るかすり込んで下さい。,１日１〜数回　患部に塗るかすり込んで下さい。,塗布剤,0,999,,,-16777216,,900,1,1,0,,,,,,,,,,,,,,,,,,,,,,,,
340,6,ﾁｭｳﾆｭｳ,十分に清拭した患部に１日２回適量を注入する。,十分に清拭した患部に１日２回適量を注入する。,十分に清拭した患部に１日２回適量を注入する。,0,999,,,-16777216,,900,1,1,0,,,,,,,,,,,,,,,,,,,,,,,,
341,6,ﾃﾝｶﾞﾝ ﾈﾙﾏｴ,寝る前点眼。,１回１滴　１日１回寝る前に点眼して下さい。,点眼剤,0,999,,,-16777216,,900,1,1,0,,,,,,,,,,,,,,,,,,,,,,,,
342,6,ﾃﾝｶﾞﾝ1.3-4ｼｬｺｳ,１日３〜４回　点眼。直射日光を避けて保存。,１日３〜４回　点眼。直射日光を避けて保存して下さい。,点眼薬,0,999,,,-16777216,,900,1,1,0,,,,,,,,,,,,,,,,,,,,,,,,
343,6,ﾃﾝｶﾝ1-2.1-C,１回１〜２滴　１日１〜数回　点眼。冷蔵庫に保存。,１回１〜２滴　１日１〜数回　点眼。冷蔵庫に保存して下さい。,点眼薬,0,999,,,-16777216,,900,1,1,0,,,,,,,,,,,,,,,,,,,,,,,,
344,6,ﾃﾝｶﾞﾝ1.3-4ﾌﾙ,１日３〜４回よく振って点眼。,１日３〜４回よく振って点眼して下さい。,点眼薬,0,999,,,-16777216,,,1,1,0,,,,,,,,,,,,,,,,,,,,,,,,
345,6,ﾃﾝｶﾞﾝ1.1-2C,１日１〜２回　点眼。冷蔵庫に保存して下さい。,１日１〜２回　点眼。冷蔵庫に保存して下さい。,点眼薬,0,999,,,-16777216,,900,1,1,0,,,,,,,,,,,,,,,,,,,,,,,,
346,6,ﾚｸﾀﾌﾞﾙ,１日２回　１回あたり１プッシュ直腸内に噴射して下さい。,１日２回　１回あたり１プッシュ直腸内に噴射して下さい。,肛門内挿入,0,999,,,-16777216,,,1,1,0,,,,,,,,,,,,,,,,,,,,,,,,
347,0,2-2ｼｮｸｾﾞﾝｱｻﾈﾙﾏｴ,分二朝食前寝る前服用,朝食前と寝る前にお飲みください,分二朝食前寝る前服用,0,999,,,-16777216,,035,0,1,2,朝,食前,就寝時,,,,,,,,,,,,,,,,,,,,,
348,6,ﾄﾌﾁｭｳﾆｭｳ1-1,通常１日１回　適量を患部に塗るか注入する。,通常１日１回　適量を患部に塗るか注入して下さい。（起床時・寝る前・排便後などに使用。）,塗布・注入剤,0,999,,,-16777216,,900,1,1,0,,,,,,,,,,,,,,,,,,,,,,,,
349,6,ﾄﾌﾃｷﾘｮｳ1-ﾌﾘｰ,適量を１日＊回塗布。,適量を１日＊回　塗って下さい。,適量を１日＊回塗布。,0,999,,,-16777216,,900,1,1,0,,,,,,,,,,,,,,,,,,,,,,,,
350,6,ﾃﾝﾋﾞ 1-ｽｳｶｲ,１日数回　噴霧,１日数回　噴霧して下さい。,点鼻剤,0,999,,,-16777216,,900,1,1,0,,,,,,,,,,,,,,,,,,,,,,,,
351,0,999,１日数回,１日数回,１日数回,0,999,,,-16777216,,,1,0,0,,,,,,,,,,,,,,,,,,,,,,,,
352,6,ﾃﾝｶﾞﾝﾃﾝｼﾞﾃﾝﾋﾞｼｬｺｳﾚｲｼ,１日１〜数回　点眼・点鼻・点耳。　冷,１日１〜数回　点眼・点鼻・点耳。　冷蔵庫に保存して下さい。,点眼・点耳・点鼻薬,0,999,,,-16777216,,900,1,1,0,,,,,,,,,,,,,,,,,,,,,,,,
353,6,ﾃﾝｼﾞﾃﾝﾋﾞ,１日１〜数回　点耳、点鼻、耳浴。遮光,１日１〜数回、適量を点耳、点鼻、耳浴、ネブライザー又はタンポンにて使用するか、又は患部に注入する。直射日光を避けて保存。,点耳・点鼻薬,0,999,,,-16777216,,900,1,1,0,,,,,,,,,,,,,,,,,,,,,,,,
354,6,ﾃﾝｶﾝ5-6ｶｲ,１回１滴、１日５〜６回点眼して下さい,１回１滴、１日５〜６回点眼して下さい,点眼薬,0,999,,,-16777216,,900,1,1,0,,,,,,,,,,,,,,,,,,,,,,,,
355,0,3-2ｲｼｼｼﾞｽｲ,１日３回医師指示　水剤,１日３回　医師の指示に従ってお飲み下さい．,１日３回医師指示　水剤,0,999,0,999,-16713062,,900,0,1,1,その他,,,,,,,,,,,,,,,,,,,,,,,
356,6,ﾃﾝｶﾞﾝｲｼｼｼﾞ,医師の指示に従って点眼。,医師の指示に従って点眼して下さい。,点眼剤,0,999,,,-16777216,,900,1,1,0,,,,,,,,,,,,,,,,,,,,,,,,
357,6,ﾃﾝｶﾞﾝ ｼﾞｸﾛｰﾄﾞ,眼手術後　１日３回　点眼。眼手術前は１日４回　点眼,眼手術後、１日３回　点眼して下さい。眼手術前は医師の指示により、１日４回　点眼。冷蔵庫で保存して下さい。,点眼薬,0,999,,,-16777216,,,1,1,0,,,,,,,,,,,,,,,,,,,,,,,,
358,6,ｽﾌﾟﾚｰ ﾆﾄﾛｰﾙ,狭心症発作時、口の中に１回１噴霧する。,狭心症発作時、口の中に１回１噴霧する。５分経っても効果がない場合もう１噴霧に限り追加する。,噴霧吸入剤,0,999,,,-16777216,,900,1,1,0,,,,,,,,,,,,,,,,,,,,,,,,
359,6,ｻﾞﾔｸﾊﾂﾈﾂｼﾞ1-,１回＊個熱＊℃以上の時。６時間あけて使用。,１回＊個を熱が＊℃以上の時に肛門内に入れて下さい。６〜８時間あけて使用。冷蔵庫で保存して下さい。,１回＊個熱＊℃以上の時。６〜８時間あけて使用。１日３回まで。,0,999,,,-16777216,,,1,1,0,,,,,,,,,,,,,,,,,,,,,,,,
360,6,,１日３回､点眼,,,0,999,,,-16777216,,,1,1,0,,,,,,,,,,,,,,,,,,,,,,,,
361,6,,１日　３〜４回両眼,,,0,999,,,-16777216,,,1,1,0,,,,,,,,,,,,,,,,,,,,,,,,
362,6,ｳｶﾞｲ-ﾈｵｽﾃ,説明書に従ってうがいして下さい。,説明書に従ってうがいして下さい。,説明書に従ってうがいして下さい。,0,999,,,-16777216,,900,1,1,0,,,,,,,,,,,,,,,,,,,,,,,,
363,6,ﾒ-ｶﾀﾘ,錠剤を添付溶解液に用時溶解し、１回１〜２滴を１日３〜５回点眼,錠剤を添付溶解液に用時溶解し、＊眼に１回１〜２滴を１日３〜５回点眼して下さい。溶解後は、冷所に遮光して保存し、３週間以内に使用して下さい。,錠剤を添付溶解液に用時溶解し、１回１〜２滴を１日３〜５回点眼,0,999,,,-16777216,,,1,1,0,,,,,,,,,,,,,,,,,,,,,,,,
364,6,ﾒ-ｶﾀﾘ,錠剤を添付溶解液に用時溶解し、１回＊滴を１日＊回点眼。,錠剤を添付溶解液に用時溶解し、＊眼に１回＊滴を１日＊回点眼して下さい。溶解後は、冷所に遮光して保存し、３週間以内に使用して下さい。,錠剤を添付溶解液に用時溶解し、１回１〜２滴を１日３〜５回点眼,0,999,,,-16777216,,,1,1,0,,,,,,,,,,,,,,,,,,,,,,,,
365,5,ﾌｵﾝ,不穏時,不穏時にお飲み下さい。,不穏時,0,999,,,-65536,,,1,1,0,,,,,,,,,,,,,,,,,,,,,,,,
366,6,ﾁｮｳﾌ-ﾉﾙｽﾊﾟﾝ,１週間に１枚貼付,１週間に１枚貼ってください。,貼付剤,0,999,,,-16777216,,900,1,1,0,,,,,,,,,,,,,,,,,,,,,,,,
367,6,ｷｭｳﾆｭｳｳﾙﾃｨﾌﾞﾛ,１回１カプセル　１日１回専用吸入器具で吸入する。,１回１カプセルを１日１回　専用吸入器具を用いて吸入して下さい。,１回１カプセル　１日１回専用吸入器具で吸入する。,0,999,,,-11861886,,900,1,1,0,,,,,,,,,,,,,,,,,,,,,,,,
368,6,ｷｭｳﾆｭｳﾌﾘｰ1ﾆﾁ*ｶｲ,＊＊、１日＊回吸入。,＊＊、１日＊回　吸入して下さい。,＊＊、１日＊回吸入。,0,999,,,-16777216,,900,1,1,0,,,,,,,,,,,,,,,,,,,,,,,,
369,6,ｷｭｳﾆｭｳ,医師の指示に従って、１日２回吸入して下さい。,医師の指示に従って、１日２回吸入して下さい。,医師の指示に従って、１日２回吸入して下さい。,0,999,,,-65536,,900,1,1,0,,,,,,,,,,,,,,,,,,,,,,,,
370,6,ﾌﾝﾑｷﾕｳﾆﾕｳ,医師の指示に従って説明書をよく読んで使用して下さい。,医師の指示に従って説明書をよく読んで使用して下さい。,噴霧吸入剤,0,999,,,-16777216,,900,1,1,0,,,,,,,,,,,,,,,,,,,,,,,,
371,6,ｷﾕｳﾆﾕｳ,医師の指示に従って使用。直射日光や火気を避ける。,医師の指示に従って使用して下さい。　直射日光や火気を避けて涼しい所で保存。,医師の指示に従って使用。直射日光や火気を避ける。,0,999,,,-16777216,,900,1,1,0,,,,,,,,,,,,,,,,,,,,,,,,
372,5,ﾊﾂﾈﾂ,発熱時,発熱時におのみ下さい。,発熱時,0,999,,,-65536,,,1,1,0,,,,,,,,,,,,,,,,,,,,,,,,
373,6,ﾃﾝﾋﾞ ﾄｰｸ,１回２〜３滴　１日数回点鼻又は噴霧。,１回２〜３滴　１日数回点鼻又は噴霧して下さい。,点鼻剤,0,999,,,-16777216,,900,1,1,0,,,,,,,,,,,,,,,,,,,,,,,,
374,6,ﾃﾝﾋﾞｺｰﾙﾀｲｼﾞﾝ,３〜５時間毎に２〜３回噴霧、又は２〜４滴点鼻。,３〜５時間毎に２〜３回噴霧、又は２〜４滴点鼻して下さい。,３〜５時間毎に２〜３回噴霧、又は２〜４滴点鼻。,0,999,,,-16777216,,900,1,1,0,,,,,,,,,,,,,,,,,,,,,,,,
375,6,ﾃﾝﾋﾞ ﾌﾟﾘﾋﾞﾅ,１回２〜４滴　１日数回点鼻。　直射日光を避けて保存,１回２〜４滴　１日数回点鼻。　直射日光を避けて保存して下さい。,点鼻剤,0,999,,,-16777216,,900,1,1,0,,,,,,,,,,,,,,,,,,,,,,,,
376,6,ﾃﾝﾋﾞｲｼｼｼﾞ,医師の指示に従って説明書をよく読んで使用。,医師の指示に従って説明書をよく読んで使用して下さい。,点鼻剤,0,999,,,-16777216,,900,1,1,0,,,,,,,,,,,,,,,,,,,,,,,,
377,6,ﾃﾝﾋﾞ ﾌﾙﾅｰｾﾞ,１日２回、各鼻腔に１回１噴霧。,１日２回、各鼻腔に１回１噴霧して下さい。,点鼻剤。１日２回、各鼻腔に１回１噴霧。,0,999,0,999,-16777216,,900,1,1,0,,,,,,,,,,,,,,,,,,,,,,,,
378,6,ﾃﾝﾋﾞ,点鼻剤　１日４回、１回１噴霧,１日４回、１回各鼻腔に１噴霧ずつ噴霧吸入して下さい,点鼻剤,0,999,0,999,-16777088,,900,1,1,0,,,,,,,,,,,,,,,,,,,,,,,,
379,6,ﾃﾝﾋﾞ,点鼻剤。１日４回　各２噴霧,１日４回、１回各鼻腔に２噴霧ずつ点鼻して下さい。,点鼻剤,0,999,,,-16744448,,900,1,1,0,,,,,,,,,,,,,,,,,,,,,,,,
380,0,1-8ｸｳﾌｸ,分一空腹時（懸濁）,水で懸濁し空腹時にお飲み下さい。,分一空腹時,0,999,,,-65536,,900,0,1,1,朝,食間,,,,,,,,,,,,,,,,,,,,,,
381,0,3-ﾚｲｼｮ,分三毎食後服用　（冷所）,毎食後３０分以内にお飲み下さい。冷蔵庫に保管して下さい。,分三毎食後服用,0,999,,,-16711936,22,003,0,1,3,朝,食後,昼,食後,夕,食後,,,,,,,,,,,,,,,,,,
382,6,ﾃﾝｼﾞｲｼｼｼﾞ,医師の指示に従って使用。,医師の指示に従って使用して下さい。,点耳剤,0,999,,,-16777216,,900,1,1,0,,,,,,,,,,,,,,,,,,,,,,,,
383,7,ﾁｭｳｼｬ,１日３回　注射。,１日３回　医師の指示に従って　注射して下さい。　冷蔵庫に保存して下さい。,１日３回　注射。遮光、冷所保存。,0,999,,,-16777216,,900,1,1,1,その他,,,,,,,,,,,,,,,,,,,,,,,
384,6,ﾄﾌ1 ﾂﾒ,１日１回羅患爪全体に塗布して下さい。,１日１回　羅患爪全体に塗布して下さい。,塗布剤,0,999,,,-16777216,,900,1,1,0,,,,,,,,,,,,,,,,,,,,,,,,
385,6,ﾃﾝﾋﾞ ｲﾐｸﾞﾗﾝ,片頭痛の頭痛発現時に、１回１噴霧（どちらか片鼻のみ）,片頭痛の頭痛発現時に、１回１噴霧（どちらか片鼻のみ）して下さい。＊２時間以上あけ１日２回まで。,点鼻剤,0,999,0,999,-16777216,,900,1,1,0,,,,,,,,,,,,,,,,,,,,,,,,
386,6,ﾒ403,１日４回　両眼,点眼薬　１日４回　両眼に点眼してください。,点眼薬,0,999,,,-16777216,,900,1,1,0,,,,,,,,,,,,,,,,,,,,,,,,
387,6,ﾁｮｳﾌｶﾌｸﾌﾞ,３〜４日ごとに１回１枚、下腹部に貼付してください（冷所保存）,３〜４日ごとに１回１枚（週２回）、下腹部に貼付してください。冷蔵庫に保管して下さい。,貼付剤,0,999,0,999,-16744320,,900,1,1,0,,,,,,,,,,,,,,,,,,,,,,,,
388,0,ｼﾀﾞｷｭｱ,１日１回１錠,舌下にて１分間保持後飲み込む。その後５分間はうがい・飲食を控える。,１日１回１錠,0,999,,,-16777216,,900,1,1,1,その他,,,,,,,,,,,,,,,,,,,,,,,
389,7,ﾁｭｳｼｬ ﾃﾘﾎﾞﾝ,週２回　注射,１日１回２８．２μｇ、週に２回、皮下注射して下さい。冷蔵庫に保存して下さい。,１日１回２８．２μｇ、週に２回、皮下注。冷所保存。,0,999,,,-16777216,,900,1,1,1,その他,,,,,,,,,,,,,,,,,,,,,,,
390,0,ﾁｬﾝﾋﾟｯｸｽ,スタート用パック,飲み初めから２週間続けてお飲みください,,18,999,,,-47872,,,1,1,0,その他,,,,,,,,,,,,,,,,,,,,,,,
391,6,,１日何回でも,,,0,999,,,-16777216,,,1,1,0,,,,,,,,,,,,,,,,,,,,,,,,
392,6,,１日　１回両眼（就寝前）,,,0,999,,,-16777216,,,1,1,0,,,,,,,,,,,,,,,,,,,,,,,,
393,0,3-7,分三起床時　昼食後　夕食後,起床時、昼食後３０分以内、夕食後３０分以内にお飲みください。,分三起床時　昼食後　夕食後,0,999,,,-16711936,,900,0,1,3,起床時,,昼,食後,夕,食後,,,,,,,,,,,,,,,,,,
394,0,4-2,分四起床時　昼食後　夕食後　就寝前,起床時、昼食後３０分以内、夕食後３０分以内、就寝前にお飲み下さい。,分四起床時　昼食後　夕食後　就寝前,0,999,,,-16711936,,900,0,1,4,起床時,,昼,食後,夕,食後,就寝時,,,,,,,,,,,,,,,,,
441,6,ﾄﾌ-ｶﾞﾝﾅﾝｺｳ,１日１〜２回適量を結膜内に塗布、遮光保存。,１日１〜２回　適量を結膜内に塗って下さい。直射日光を避けて保存して下さい。,１日１〜２回適量を結膜内に塗布、遮光保存。,0,999,,,-16777216,,900,1,1,0,,,,,,,,,,,,,,,,,,,,,,,,
443,6,ﾄﾌ1-4 ｼｬｺｳ,１日１〜４回塗布、遮光保存。,１日１〜４回　塗って下さい。直射日光を避けて保存して下さい。,１日１〜４回塗布、遮光保存。,0,999,,,-16777216,,900,1,1,0,,,,,,,,,,,,,,,,,,,,,,,,
444,6,ﾄﾌﾃｷﾘｮｳ1-3,１日１〜３回、適量を塗って下さい。,１日１〜３回、適量を塗って下さい。,１日１〜３回、適量を塗って下さい。,0,999,,,-16777216,,900,1,1,0,,,,,,,,,,,,,,,,,,,,,,,,
446,6,ﾄﾌ-ｶﾞﾝﾅﾝｺｳ ﾌﾗﾋﾞﾀﾝ,１日１〜４回眼瞼内に少量ずつ点入。遮光保存。,１日１〜４回　眼瞼内に少量ずつ点入して下さい。直射日光を避けて保存して下さい。,眼軟膏,0,999,,,-16777216,,900,1,1,0,,,,,,,,,,,,,,,,,,,,,,,,
447,6,ﾄﾌﾃｷﾘｮｳ1-ｼｬｺｳ,適量を１日１〜数回塗布、遮光保存。,適量を１日１〜数回塗って下さい。直射日光を避けて保存して下さい。,適量を１日１〜数回塗布、遮光保存。,0,999,,,-16777216,,900,1,1,0,,,,,,,,,,,,,,,,,,,,,,,,
449,6,ﾄﾌﾃｷﾘｮｳ1-,適量を１日数回塗布。,適量を１日数回　塗って下さい。,適量を１日数回塗布。,0,999,,,-16777216,,900,1,1,0,,,,,,,,,,,,,,,,,,,,,,,,
452,6,ﾄﾌﾃｷﾘｮｳ1,適量を１日１〜数回塗布。,適量を１日１〜数回　塗って下さい。,適量を１日１〜数回塗布。,0,999,,,-16777216,,900,1,0,0,,,,,,,,,,,,,,,,,,,,,,,,
453,6,ﾄﾌ-ﾃｷﾘｮｳ5,適量を１日５回　塗布。,適量を１日５回　塗って下さい。,適量を１日５回　塗布。,0,999,,,-16777216,,900,1,1,0,,,,,,,,,,,,,,,,,,,,,,,,
454,6,ﾄﾌ-ﾃｷﾘｮｳ1-ｶﾝﾌﾞ,適量を１日１〜数回　患部に塗布。,適量を１日１〜数回　患部に塗って下さい。,適量を１日１〜数回　患部に塗布。,0,999,,,-16777216,,,1,1,0,,,,,,,,,,,,,,,,,,,,,,,,
456,6,ﾁｮｳﾌ2,１日２回患部に貼付して下さい。,１日２回患部に貼付して下さい。,貼付剤,0,999,,,-16777216,,,1,1,0,,,,,,,,,,,,,,,,,,,,,,,,
457,6,ｲｼｼｼﾞ,医師の指示に従って、使用して下さい。,医師の指示に従って、使用して下さい。,医師の指示に従って、使用して下さい。,0,999,,,-16744448,,900,1,1,0,,,,,,,,,,,,,,,,,,,,,,,,
458,6,ﾁｮｳﾌ1-1,１日１回　患部に貼付して下さい。,１日１回　患部に貼付して下さい。,貼付剤,0,999,,,-7722014,,,1,1,0,,,,,,,,,,,,,,,,,,,,,,,,
459,6,ﾁﾖｳﾌ ﾎﾞﾁｼｰﾄ,適当な大きさに切り、１日１〜数回患部に貼付,適当な大きさに切り、１日１〜数回患部に貼付して下さい。　涼しい所に保存してください。,貼付剤,0,999,,,-16777216,,900,1,1,0,,,,,,,,,,,,,,,,,,,,,,,,
460,6,ﾁｮｳﾌﾎｸﾅﾘﾝﾃｰﾌﾟ,１日１枚、上半身（胸・背中・上腕部）に貼って下さい。,１日１枚、上半身（胸・背中・上腕部）に貼って下さい。,１日１枚、上半身（胸・背中・上腕部）に貼って下さい。,0,999,,,-16777216,,900,1,1,0,,,,,,,,,,,,,,,,,,,,,,,,
461,6,ﾁｮｳﾌ ﾃﾞｭﾛﾃｯﾌﾟﾊﾟｯﾁ,医師の指示に従って、３日間（約７２時間）経ったら貼り替える,医師の指示に従って、３日間（約７２時間）経ったら貼り替えて下さい。,貼付剤,0,999,,,-16777216,,900,1,1,0,,,,,,,,,,,,,,,,,,,,,,,,
493,6,ﾄﾌ-ﾄｻﾂｽｽﾞｼｲ,１日１〜数回　患部に塗るかすり込んで下さい。涼しい場所に保存,１日１〜数回　患部に塗るかすり込んで下さい。涼しいところに保存して下さい。,塗布剤,0,999,,,-16777216,,900,1,1,0,,,,,,,,,,,,,,,,,,,,,,,,
494,6,ﾄｻﾂ,使用方法をよく読んで患部に軽くすりこむ。,使用方法をよく読んで患部に軽くすりこんで下さい。,塗擦剤,0,999,,,-16777216,,900,1,1,0,,,,,,,,,,,,,,,,,,,,,,,,
495,6,ﾄﾌ-ｽｽﾞｼｲ,１日数回患部に塗布、涼しい所に保存。,１日数回　患部にぬって下さい。涼しい所に保存して下さい。,塗布剤,0,999,,,-16777216,,900,1,1,0,,,,,,,,,,,,,,,,,,,,,,,,
496,6,ﾛｰｼﾖﾝ,よく振り混ぜて、１日１〜数回患部にぬって下さい。遮光保存。,よく振り混ぜて、１日１〜数回患部にぬって下さい。直射日光を避けて保存。,ローション,0,999,,,-16777216,,900,1,1,0,,,,,,,,,,,,,,,,,,,,,,,,
497,6,ﾄｻﾂ1-,１日１〜数回患部によくすりこんで下さい。　涼しい所に保存。,１日１〜数回患部によくすりこんで下さい。　涼しい所に保存して下さい。,塗擦剤,0,999,,,-16777216,,900,1,1,0,,,,,,,,,,,,,,,,,,,,,,,,
498,6,ﾄｻﾂﾁｮｳﾌ1-ｽｳ,１日１〜数回患部に塗るかガーゼなどにのばして貼付。,１日１〜数回患部に塗るかガーゼなどにのばして貼って下さい。,塗布剤,0,999,,,-16777216,,900,1,1,0,,,,,,,,,,,,,,,,,,,,,,,,
500,6,ﾁｮｳﾌｲｼｼｼﾞ,医師の指示に従って、使用法をよく読み、患部に貼付。,医師の指示に従って、使用法をよく読み、患部に貼付して下さい。,貼付剤,0,999,,,-16777216,,900,1,1,0,,,,,,,,,,,,,,,,,,,,,,,,
501,6,ﾄﾌ-ｶｲﾖｳ,患部をきれいにして、１日１回　約３ミリの厚さに塗る,患部をきれいにして、１日１回　約３ミリの厚さに塗る。滲出液の量が多い場合は、１日２回塗る。,塗布剤,0,999,,,-16777216,,900,1,1,0,,,,,,,,,,,,,,,,,,,,,,,,
502,6,ﾄﾌ1-,１日１〜数回患部に塗布。,１日１〜数回　患部に塗って下さい。,塗布剤,0,999,,,-16777216,,900,1,1,0,,,,,,,,,,,,,,,,,,,,,,,,
503,6,ﾄﾌﾁｮｳﾌ1-4,１日１〜４回、患部に塗るか貼布する。,１日１〜４回、患部に塗るか貼布して下さい。,塗布剤,0,999,,,-16777216,,900,1,1,0,,,,,,,,,,,,,,,,,,,,,,,,
504,6,ﾄﾌ1,１日１回　患部に塗布。,１日１回　患部にぬって下さい。,塗布剤,0,999,,,-16777216,,900,1,1,0,,,,,,,,,,,,,,,,,,,,,,,,
505,6,ﾄﾌ-,１日数回患部に塗布。,１日数回　患部に塗って下さい。,塗布剤,0,999,,,-16777216,,900,1,1,0,,,,,,,,,,,,,,,,,,,,,,,,
506,6,ﾄｻﾂﾁｮｳﾌ,１日１〜数回、患部に塗りこむか無菌ガーゼ等にのばして貼付,１日１〜数回、患部に塗りこむか無菌ガーゼ等にのばして貼付して下さい。,塗擦・貼付剤,0,999,,,-16777216,,900,1,1,0,,,,,,,,,,,,,,,,,,,,,,,,
508,6,ﾄﾌ-ｲｼｼｼﾞｼｬｺｳ,医師の指示に従って患部に塗布。　遮光保存。,医師の指示に従って患部にぬって下さい。　直射日光を避けて保存して下さい。,塗布剤,0,999,,,-16777216,,900,1,1,0,,,,,,,,,,,,,,,,,,,,,,,,
510,6,ﾁｮｳﾌ1-,１〜数枚を患部に貼付、　涼しい所に保存。,１〜数枚を患部に貼付して下さい。　涼しい所に保存して下さい。,貼付剤,0,999,,,-16777216,,900,1,1,0,,,,,,,,,,,,,,,,,,,,,,,,
511,6,ﾄｻﾂ1-,１日１〜数回患部によくすりこむ。,１日１〜数回患部によくすりこんで下さい。,塗擦剤,0,999,,,-16777216,,900,1,1,0,,,,,,,,,,,,,,,,,,,,,,,,
513,6,ﾄｻﾂﾁｮｳﾌ,１日１〜数回、患部に塗りこむか貼付。,１日１〜数回、患部に塗りこむか貼付して下さい。,塗擦剤,0,999,,,-16777216,,900,1,1,0,,,,,,,,,,,,,,,,,,,,,,,,
514,6,ﾄｻﾂ-,１日数回患部に塗りこむ。,１日数回患部に塗りこんで下さい。,塗擦剤,0,999,,,-16777216,,900,1,1,0,,,,,,,,,,,,,,,,,,,,,,,,
515,6,ﾁｮｳﾌ,使用方法をよく読んで患部に貼付して下さい。,使用方法をよく読んで患部に貼付して下さい。,貼付剤,0,999,,,-7722014,,900,1,1,0,,,,,,,,,,,,,,,,,,,,,,,,
516,6,ﾄﾌ1-3,１日１〜３回患部に塗布。,１日１〜３回　患部にぬって下さい。,塗布剤,0,999,,,-16777216,,900,1,1,0,,,,,,,,,,,,,,,,,,,,,,,,
517,6,ﾄｻﾂ1-2,１日１〜２回患部によくすりこんで下さい。　涼しい所に保存。,１日１〜２回患部によくすりこんで下さい。　涼しい所に保存して下さい。,塗擦剤,0,999,,,-16777216,,900,1,1,0,,,,,,,,,,,,,,,,,,,,,,,,
519,6,ﾄﾌ2-3,１日２〜３回患部に塗布。,１日２〜３回　患部にぬって下さい。,塗布剤,0,999,,,-16777216,,900,1,1,0,,,,,,,,,,,,,,,,,,,,,,,,
520,6,ﾄﾌ-ｲｼｼｼﾞﾋﾞｸｳ,医師の指示に従って、１日３回　鼻腔内に塗布。,医師の指示に従って、１日３回　鼻腔内にぬって下さい。,塗布剤,0,999,,,-16777216,,900,1,1,0,,,,,,,,,,,,,,,,,,,,,,,,
522,6,ﾄﾌ2-3 ﾆｯｺｳｺｳｵﾝ,１日２〜３回患部に塗布。直射日光や高温を避けて保存。,１日２〜３回　患部にぬって下さい。直射日光や高温を避けて保存して下さい。,塗布剤,0,999,,,-16777216,,900,1,1,0,,,,,,,,,,,,,,,,,,,,,,,,
523,6,ｽﾌﾟﾚｰ ｻﾘﾍﾞｰﾄ,１回１〜２秒間　口腔内に１日４〜５回噴霧,缶をよく振ってから垂直に立て、１回１〜２秒間　口腔内に１日４〜５回噴霧する。,スプレー,0,999,,,-16777216,,,1,1,0,,,,,,,,,,,,,,,,,,,,,,,,
525,6,ﾁｮｳﾌｶﾞｰｾﾞﾘﾝﾄﾌ,ガーゼ又はリント布にぬり、１日数回患部に貼付して下さい。,ガーゼ又はリント布にぬり、１日数回患部に貼付して下さい。,貼付剤,0,999,,,-16777216,,,1,1,0,,,,,,,,,,,,,,,,,,,,,,,,
526,6,ｽﾌﾟﾚｰ1-,１日１〜数回　１回１〜２秒間　患部から約１０p以上離して噴霧,１日１〜数回　１回１〜２秒間　患部から約１０p以上離して噴霧。高温を避けて保存,スプレー,0,999,,,-16777216,,,1,1,0,,,,,,,,,,,,,,,,,,,,,,,,
527,6,ﾄｻﾂ2-3,１日２〜３回患部によくすりこんで下さい。　涼しい所に保存。,１日２〜３回患部によくすりこんで下さい。　涼しい所に保存して下さい。,塗擦剤,0,999,,,-16777216,,900,1,1,0,,,,,,,,,,,,,,,,,,,,,,,,
528,6,ﾄﾌ1-2 ｲｼｼ,１日１〜２回、医師の指示にしたがって患部に塗布。,１日１〜２回　医師の指示にしたがって患部に塗って下さい。,塗布剤,0,999,,,-16777216,,900,1,1,0,,,,,,,,,,,,,,,,,,,,,,,,
529,6,ﾁｮｳﾌ ｽﾋﾟｰﾙｺｳ,患部大の大きさに切って貼り、絆創膏でとめ、２日〜５日毎に交換,患部大の大きさに切って貼り、ずれないように絆創膏でとめて２〜５日目毎に交換。,貼付剤,0,999,,,-16777216,,,1,1,0,,,,,,,,,,,,,,,,,,,,,,,,
530,6,ﾄﾌ1-ｽｽﾞｼ,１日１〜数回患部に塗布。涼しい所に保存。,１日１〜数回　患部にぬって下さい。涼しい所に保存して下さい。,塗布剤,0,999,,,-16777216,,900,1,1,0,,,,,,,,,,,,,,,,,,,,,,,,
533,6,ﾄﾌ2-3 ﾆｯｺｳ,１日２〜３回患部に塗布。直射日光を避けて保存。,１日２〜３回　患部にぬって下さい。直射日光を避けて保存して下さい。,塗布剤,0,999,,,-16777216,,900,1,1,0,,,,,,,,,,,,,,,,,,,,,,,,
535,6,ﾄﾌ1-2,１日１〜２回患部に塗布。,１日１〜２回　患部に塗って下さい。,塗布剤,0,999,,,-16777216,,900,1,1,0,,,,,,,,,,,,,,,,,,,,,,,,
536,6,ﾄﾌ2-3ﾄｻﾂ,１日２〜３回　患部に塗るかすり込む。,１日２〜３回　患部に塗るかすり込んで下さい。,塗布・塗擦剤,0,999,,,-16777216,,900,1,1,0,,,,,,,,,,,,,,,,,,,,,,,,
537,6,ﾄｻﾂ2-3,１日２〜３回患部をきれいにした後、塗ってよくすりこむ,１日２〜３回患部をきれいにした後、塗ってよくすりこんで下さい。,塗擦剤,0,999,,,-16777216,,900,1,1,0,,,,,,,,,,,,,,,,,,,,,,,,
538,6,ﾄﾌ ｲｵｳｶﾝﾌﾙ,１日２回　朝は上清液を晩はよく振り混ぜて、洗顔後塗布。,１日２回　朝は上清液を晩はよく振り混ぜて、洗顔後ぬって下さい。,塗布剤,0,999,,,-16777216,,900,1,1,0,,,,,,,,,,,,,,,,,,,,,,,,
539,6,ﾄﾌ ﾌﾛｼﾞﾝ,１日２〜３回患部にふりかけて軽くマッサージする。,１日２〜３回　患部にふりかけて軽くマッサージして下さい。,塗布剤,0,999,,,-16777216,,900,1,1,0,,,,,,,,,,,,,,,,,,,,,,,,
540,6,ﾄﾌ3-4ﾄｻﾂ,１日３〜４回よくすり込む。,１日３〜４回　よくすり込んでください。,塗布剤,0,999,,,-16777216,,900,1,1,0,,,,,,,,,,,,,,,,,,,,,,,,
542,6,ｽﾌﾟﾚｰ1-3,１日１〜３回　患部から約１０p以上離して噴霧,１日１〜３回　患部から約１０p以上離して噴霧して下さい。高温を避けて保存。,スプレー,0,999,,,-16777216,,,1,1,0,,,,,,,,,,,,,,,,,,,,,,,,
543,6,ﾄﾌ1-C,１日１〜数回　患部に塗布。　冷蔵庫保存。,１日１〜数回　患部にぬって下さい。　冷蔵庫に保存して下さい。,塗布剤,0,999,,,-16777216,,900,1,1,0,,,,,,,,,,,,,,,,,,,,,,,,
545,6,ﾛ-ｼﾖﾝ,よく振り混ぜて、１日１〜数回患部にぬって下さい。,よく振り混ぜて、１日１〜数回患部にぬって下さい。,よく振り混ぜて、１日１〜数回患部にぬって下さい。,0,999,,,-16777216,,900,1,1,0,,,,,,,,,,,,,,,,,,,,,,,,
546,6,ﾛ-ｼﾖﾝ,１日数回患部にぬって下さい。,１日数回患部にぬって下さい。,１日数回患部にぬって下さい。,0,999,,,-16777216,,900,1,1,0,,,,,,,,,,,,,,,,,,,,,,,,
550,6,ﾁｮｳﾌｲｼｼｼﾞ 1-,医師の指示に従い、１回１枚ずつ患部に貼付してください。,医師の指示に従い、１回１枚ずつ患部に貼付してください。,貼付剤,0,999,0,999,-16711681,,900,1,1,0,,,,,,,,,,,,,,,,,,,,,,,,
551,6,ﾁｮｳﾌ1-2,１日１〜２回　患部に貼布。遮光保存。,１日１〜２回　患部に貼って下さい。直射日光を避けて涼しい所に保存して下さい。,貼付剤,0,999,,,-16777216,,900,1,1,0,,,,,,,,,,,,,,,,,,,,,,,,
553,6,ﾁｮｳﾌ,１日１回　患部に貼布。　遮光保存。,１日１回　患部に貼って下さい。　直射日光を避けて涼しい所に保存して下さい。,パップ剤,0,999,,,-16777216,,900,1,1,0,,,,,,,,,,,,,,,,,,,,,,,,
556,6,ﾁｮｳﾌ ｶｯﾄ,適当な大きさに切り患部に貼って下さい。遮光保存。,適当な大きさに切り患部に貼って下さい。直射日光を避けて涼しい所に保存して下さい。,貼付剤,0,999,,,-16777216,,900,1,1,0,,,,,,,,,,,,,,,,,,,,,,,,
557,6,ﾄﾌ1-2 ｱｸﾄｼﾝ,清拭後１日１〜２回ガーゼなどにのばして貼付又は塗布、冷所保存,きれいに拭いた後、１日１〜２回ガーゼなどにのばして貼るか、直接ぬる。冷蔵庫に保存して下さい。,,0,999,,,-16777216,,,1,1,0,,,,,,,,,,,,,,,,,,,,,,,,
558,6,ﾄﾌ*ｶｲｲｼｼｼﾞ,１日＊回　医師の指示に従って患部に塗布。,１日＊回　医師の指示に従って患部にぬって下さい。,１日＊回、患部に塗って下さい。,0,999,0,999,-16777216,,900,1,1,0,,,,,,,,,,,,,,,,,,,,,,,,
559,6,ｾﾝｼﾞｮｳ,患部洗浄,患部の洗浄に使用してください。,患部洗浄,0,999,0,999,-16777216,,,1,1,0,,,,,,,,,,,,,,,,,,,,,,,,
560,6,ﾄﾌ-ﾃｷﾘｮｳ2,１日２回、適量を患部に塗布。,１日２回、適量を患部に塗って下さい。,,0,999,0,999,-16777216,,900,1,1,0,,,,,,,,,,,,,,,,,,,,,,,,
562,5,ﾌｱﾝ,不安時,不安に感じた時、お飲み下さい。,不安時,0,999,,,-65536,,,1,1,0,,,,,,,,,,,,,,,,,,,,,,,,
563,6,ﾄﾌｹﾞｰﾍﾞﾝ,１日１回、滅菌手袋などを用いて直接塗布する。　　　,１日１回、滅菌手袋などを用いて直接塗布する。又は、ガーゼ等にのばし、貼付する。,１日１回、直接塗布するか、ガーゼにのばして貼付する。,0,999,,,-7722014,,900,1,1,3,起床時,,朝,食後,昼,食後,,,,,,,,,,,,,,,,,,
564,6,ﾄﾌ1-2 ﾕｰﾊﾟｽﾀ,１日１〜２回ガーゼに伸ばして貼付　または直接塗布。　　　　　,１日１〜２回　ガーゼに伸ばして貼付するか、患部に直接塗布しガーゼで保護する。,塗布剤,0,999,,,-7722014,,900,1,1,0,,,,,,,,,,,,,,,,,,,,,,,,
565,6,ﾄﾌ2 ｱｸｱﾁﾑ,１日２回洗顔後、患部に塗布。,１日２回　洗顔後、患部にぬって下さい。,塗布剤,0,999,,,-16777216,,900,1,1,0,,,,,,,,,,,,,,,,,,,,,,,,
566,6,ﾁｮｳﾌ ｴｽﾄﾗﾀﾞｰﾑ,説明書に従って、１枚を下腹部かお尻に貼って、２日毎に張り替え,説明書に従って、１枚を下腹部かお尻に貼って、２日毎に貼り替えて下さい。,貼付剤,0,999,,,-15132304,,,1,1,0,,,,,,,,,,,,,,,,,,,,,,,,
567,6,ﾄｻﾂ2ｶｲ,１日２回患部によくすりこむ。,１日２回患部によくすりこんでください。,塗擦剤,0,999,,,-16777216,,900,1,1,0,,,,,,,,,,,,,,,,,,,,,,,,
568,6,ﾁｮｳﾌ ｿﾌﾗﾁｭｰﾙ,１枚〜数枚を直接患部に当て、その上を無菌ガーゼでおおう。,１枚〜数枚を直接患部に当て、その上を無菌ガーゼで被って下さい。,貼付剤,0,999,,,-16777216,,,1,1,0,,,,,,,,,,,,,,,,,,,,,,,,
569,6,ｽﾌﾟﾚｰ ﾌｨﾌﾞﾗｽﾄ,患部を清拭し、１日１回　約５ｃｍ離して５回噴霧。冷蔵庫保存。,患部をきれいにして１日１回、約５ｃｍ離して５回噴霧する。１０℃以下の冷暗所に保存し２週間以内に使用。,スプレー,0,999,,,-16744448,,900,1,1,0,,,,,,,,,,,,,,,,,,,,,,,,
603,6,ﾁﾂｻﾞｻﾞｲ,１日１回１個を　膣内に挿入して下さい。,１日１回１個を　膣内に挿入して下さい。,膣坐剤,0,999,,,-16777216,,,1,1,0,,,,,,,,,,,,,,,,,,,,,,,,
604,6,ﾁﾂｻﾞｻﾞｲ,１日１回１個を　膣深部に挿入して下さい。,１日１回１個を　膣深部に挿入して下さい。,膣坐剤,0,999,,,-16777216,,900,1,1,0,,,,,,,,,,,,,,,,,,,,,,,,
607,6,ｺｳﾓﾝﾁｭｳﾆｭｳ,１日２回　肛門内に注入。,１日２回　肛門内に注入して下さい。,１日２回　肛門内に注入。,0,999,,,-16777216,,900,1,1,0,,,,,,,,,,,,,,,,,,,,,,,,
701,6,ｻﾞﾔｸﾄｳﾂｳﾊﾂﾈﾂ,疼痛・発熱時、肛門内挿入。,１回　＊個　１日　＊回　　疼痛・発熱時に肛門内に入れて下さい。　冷蔵庫に保存して下さい。,疼痛・発熱時、肛門内挿入。,0,999,,,-16777216,,900,1,1,0,,,,,,,,,,,,,,,,,,,,,,,,
702,6,ｻﾞﾔｸ1ｶｲ*ｺ,肛門内に挿入し、涼しい所に保存。,１回　＊個　肛門内に入れてください。　涼しい所に保存して下さい。,肛門内挿入,0,999,,,-16777216,,900,1,1,0,,,,,,,,,,,,,,,,,,,,,,,,
703,6,ｻﾞﾔｸﾚｲｼｮ,肛門内挿入、冷蔵庫に保存。,肛門内に入れてください。１回　＊個　冷蔵庫に保存して下さい。,肛門内挿入、冷蔵庫に保存。,0,999,,,-16777216,,900,1,1,0,,,,,,,,,,,,,,,,,,,,,,,,
704,6,ｻﾞﾔｸ-ﾌﾘｰ,１回　＊個　１日　＊回　肛門挿入,１回　＊個　１日　＊回　肛門に入れてください。,肛門内挿入,0,999,,,-16777216,,,1,1,0,,,,,,,,,,,,,,,,,,,,,,,,
705,6,ｻﾞﾔｸﾊﾂﾈﾂ,発熱時、１回＊個、肛門内挿入、冷暗所保存。,発熱時、肛門内に入れて下さい。１回＊個　冷蔵庫に保存して下さい。,発熱時、肛門内挿入、冷暗所保存。,0,999,,,-16777216,,900,1,1,0,,,,,,,,,,,,,,,,,,,,,,,,
706,6,ｻﾞﾔｸﾊﾂﾈﾂ,１回　＊個　　１日　＊回　発熱時　　冷蔵庫,１回　＊個　　１日　＊回　発熱時　　冷蔵庫に保存して下さい。,肛門内挿入,0,999,,,-16777216,,,1,0,0,,,,,,,,,,,,,,,,,,,,,,,,
707,6,ｻﾞﾔｸｼﾂｵﾝ,１回　＊個　１日　＊回　肛門内挿入。,１回　＊個　１日　＊回　肛門内に入れて下さい。涼しい所に保存。,肛門内挿入,0,999,,,-16777216,,900,1,1,0,,,,,,,,,,,,,,,,,,,,,,,,
709,6,ｻﾞﾔｸ1-3,１回１個　１日１〜３回　肛門内挿入。,１回１個　１日１〜３回　肛門内に入れて下さい。３０℃以下の涼しい所に保存して下さい。,１日１〜３回　肛門内挿入。,0,999,,,-16777216,,900,1,1,0,,,,,,,,,,,,,,,,,,,,,,,,
710,6,ｻﾞﾔｸｲﾀｲﾄｷ,痛い時、１日１〜２回　肛門内挿入、冷暗所保存。,痛い時、１回１個、１日１〜２回　肛門内に入れて下さい。冷蔵庫に保存して下さい。,痛い時、肛門内挿入、冷暗所保存。,0,999,,,-16777216,,900,1,1,0,,,,,,,,,,,,,,,,,,,,,,,,
711,6,ｻﾞﾔｸﾍﾞﾝﾋﾟ,便秘時、医師の指示に従って肛門内挿入、冷所保存。,便秘時、医師の指示に従って肛門内に入れて下さい。冷蔵庫に保存して下さい。,便秘時、肛門内挿入、冷所保存。,0,999,,,-16777216,,900,1,1,0,,,,,,,,,,,,,,,,,,,,,,,,
714,6,ｻﾞﾔｸﾚｲｿﾞｳｺ,医師の指示に従って、肛門内挿入。冷蔵庫保存。,医師の指示に従って肛門内に入れて下さい。１回　＊個　冷蔵庫に保存して下さい。,肛門内挿入、冷蔵庫保存。,0,999,,,-16777216,,900,1,1,0,,,,,,,,,,,,,,,,,,,,,,,,
715,6,ｻﾞﾔｸｲｼｼｼﾞ,医師の指示に従って肛門内挿入。,医師の指示に従って肛門内に挿入して下さい。１回　個　　,肛門内挿入,0,999,,,-16777216,,900,1,1,0,,,,,,,,,,,,,,,,,,,,,,,,
716,6,ｻﾞﾔｸﾊｷｹ,悪心・嘔吐時肛門内挿入。,吐き気がある時、肛門内に入れてください。,悪心・嘔吐時肛門内挿入。,0,999,,,-16777216,,900,1,1,0,,,,,,,,,,,,,,,,,,,,,,,,
717,6,ﾄﾌﾁｭｳﾆｭｳ1-3,通常１日１〜３回適量を患部に塗るか注入する。,通常１日１〜３回適量を患部に塗るか注入して下さい。（起床時・寝る前・排便後などに使用。）,塗布・注入剤,0,999,,,-16777216,,900,1,1,0,,,,,,,,,,,,,,,,,,,,,,,,
718,6,ﾄﾌｿｳﾆﾕｳ1-2,通常１日２回　朝・夕　患部に塗るか注入する。,通常１日２回　朝・夕　患部に塗るか注入して下さい。,塗布・挿入,0,999,,,-16777216,,900,1,1,0,,,,,,,,,,,,,,,,,,,,,,,,
719,6,ｻﾞﾔｸ2,１回１個、１日２回　朝・夕　肛門内挿入。　,１回１個ずつ、１日２回朝夕肛門内に入れて下さい。涼しい所に保存して下さい。,１日２回　朝・夕　肛門内挿入。,0,999,,,-16777216,,900,1,1,0,,,,,,,,,,,,,,,,,,,,,,,,
740,6,ｶﾝﾁﾖｳ,肛門から注入し、便意が強くなってから排便。,体温と同温度に温めて肛門から注入し、綿などでおさえ、便意が強くなってから排便して下さい。,肛門から注入し、便意が強くなってから排便。,0,999,,,-16777216,,900,1,1,0,,,,,,,,,,,,,,,,,,,,,,,,
801,6,ｳｶﾞｲ,説明書に従ってうがいして下さい。直射日光を避けて保存。,説明書に従ってうがいして下さい。直射日光を避けて保存して下さい。,説明書に従ってうがいして下さい。直射日光を避けて保存。,0,999,,,-16777216,,900,1,1,0,,,,,,,,,,,,,,,,,,,,,,,,
802,6,ｳｶﾞｲ,水で約１００倍に稀釈し、１日数回うがいして下さい。,水で約１００倍に稀釈し、１日数回うがいして下さい。,,0,999,,,-16777216,,,1,1,0,,,,,,,,,,,,,,,,,,,,,,,,
803,6,ｳｶﾞｲ,１回１包を約１００ｍｌの水又は微温湯に溶解してうがいする。,１回１包を約１００ｍｌの水又は微温湯に溶解してうがいして下さい　,１回１包を約１００ｍｌの水又は微温湯に溶解してうがいする。,0,999,,,-16777216,,900,1,1,0,,,,,,,,,,,,,,,,,,,,,,,,
804,6,ｳｶﾞｲ,１回２錠を約１００ｍｌの水又は微温湯に溶解してうがいする。,１回２錠を約１００ｍｌの水又は微温湯に溶解してうがいして下さい。　１日３回,１回２錠を約１００ｍｌの水又は微温湯に溶解してうがいする。,0,999,,,-16777216,,900,1,1,0,,,,,,,,,,,,,,,,,,,,,,,,
808,6,ﾄﾌ ﾃﾞｽﾊﾟｺｰﾜ,１日３〜４回　適量を口内炎症部位に塗布。,１日３〜４回　適量を口内炎症部位に塗布してください。,口内塗布剤,0,999,,,-16777216,,900,1,1,0,,,,,,,,,,,,,,,,,,,,,,,,
809,0,ﾌﾛﾘﾄｹﾙ,１日４回　経口用,医師の指示に従い、毎食後と寝る前に口の中に塗るか、できるだけ長く含んだ後、飲み込んでください。,１日４回　経口用,0,999,,,-16777216,,021,0,1,4,その他,,,,,,,,,,,,,,,,,,,,,,,
810,6,ﾄﾌ-ｺｳﾅｲ,１日１〜数回　患部に塗布して下さい。使用後飲食避ける。,１日１〜数回　患部に塗って下さい。使用後はしばらく飲食を避けて下さい。,１日１〜数回　患部に塗布して下さい。使用後飲食避ける。,0,999,,,-16777216,,900,1,1,0,,,,,,,,,,,,,,,,,,,,,,,,
811,6,ｺｳｸｳﾅｲﾁｮｳﾌｱﾌﾀｯﾁ,１回１錠、１日１〜２回、白色面を口内患部粘膜に付着させる。,１回１錠ずつ、１日１〜２回、白色面を口内患部粘膜に付着させて下さい。,１回１錠、１日１〜２回、白色面を口内患部粘膜に付着させる。,0,999,,,-16777216,,900,1,1,0,,,,,,,,,,,,,,,,,,,,,,,,
812,6,ﾄﾛｰﾁ,１日６回、トローチ。,１日６回、そのままのみこんだり、かみ砕いたりせず口の中でゆっくり溶かして下さい。,トローチ,0,999,,,-16777216,,900,1,1,0,,,,,,,,,,,,,,,,,,,,,,,,
813,6,ﾄﾛｰﾁｱｸﾛﾏｲｼﾝ,１日４〜９錠を数回に分けて、口中、舌下、頬腔で溶かして下さい,１日４〜９錠を数回に分けて、口中、舌下、頬腔で溶かして下さい。,１日４〜９錠を数回に分けて、口中、舌下、頬腔で溶かして下さい,0,999,,,-16777216,,900,1,1,0,,,,,,,,,,,,,,,,,,,,,,,,
816,7,ｲﾝｼﾕﾘﾝｲｼｼｼﾞ,医師の指示に従って注射して下さい。凍結しない様冷蔵庫に保存。,医師の指示に従って注射して下さい。凍結しない様冷蔵庫に保存。,医師の指示に従って注射して下さい。凍結しない様冷蔵庫に保存。,0,999,,,-16777216,,900,1,1,0,,,,,,,,,,,,,,,,,,,,,,,,
817,6,ｷﾕｳﾆﾕｳｴｷ,医師の指示に従って、吸入器で深呼吸しながら吸入。,医師の指示に従って、吸入器で深呼吸しながら吸入して下さい。,医師の指示に従って、吸入器で深呼吸しながら吸入。,0,999,,,-16777216,,900,1,1,0,,,,,,,,,,,,,,,,,,,,,,,,
819,6,ﾄﾛｰﾁ3-6,１日３〜６回，口中で徐々に溶かす。,１日３〜６回，口中で徐々に溶かして下さい。,トローチ,0,999,,,-16777216,,900,1,1,0,,,,,,,,,,,,,,,,,,,,,,,,
822,6,ﾁﾂｼﾞｮｳ,１日１回　１個　錠剤を膣内に挿入。湿気・直射日光を避け保存。,１日１回　１個　錠剤を膣内に挿入して下さい。湿気・直射日光を避けて保存して下さい。,膣錠,0,999,,,-16777216,,900,1,1,0,,,,,,,,,,,,,,,,,,,,,,,,
826,6,ｽﾌﾟﾚｰ1,１日１回患部に噴霧,１日１回患部に噴霧する。,スプレー剤,0,999,,,-7722014,,,1,1,0,,,,,,,,,,,,,,,,,,,,,,,,
827,6,ｻﾘﾍﾞｰﾄ,１回１〜２秒間，１日４〜５回　口腔内に噴霧。,１回１〜２秒間，１日４〜５回口腔内に噴霧して下さい。,１回１〜２秒間、１日４〜５回　口腔内噴霧。,0,999,,,-16777216,,900,1,1,0,,,,,,,,,,,,,,,,,,,,,,,,
829,6,ﾄﾌ-ﾃｷﾘｮｳ3,１日３回適量を塗布。,１日３回　適量を塗って下さい。,１日３回適量を塗布。,0,999,,,-16777216,,900,1,1,0,,,,,,,,,,,,,,,,,,,,,,,,
830,6,ﾃﾝｶﾝ1.3,１日３回　点眼。,１日３回　点眼して下さい。,点眼剤,0,999,,,-16777216,,900,1,1,0,,,,,,,,,,,,,,,,,,,,,,,,
831,6,ﾁｮｳﾌｲｼｼｼﾞ,医師の指示に従って，説明書をよく読んで使用。,医師の指示に従って，説明書をよく読んで使用して下さい。,貼付剤,0,999,,,-16744448,,900,1,1,0,,,,,,,,,,,,,,,,,,,,,,,,
832,6,ｻﾙｺｰﾄ,１回１カプセルを１日２〜３回専用器具で患部に噴霧。,１回１カプセルを１日２〜３回専用の器具で患部に噴霧して下さい。,１回１カプセルを１日２〜３回専用器具で患部に噴霧。,0,999,,,-16777216,,900,1,1,0,,,,,,,,,,,,,,,,,,,,,,,,
833,6,ｺｳｸｳﾅｲｿｳﾆｭｳｱｽﾞﾉｰﾙST,１回１錠，１日４回、左右どちらかの上唇の内側に挿入する。,１回１錠，１日４回説明書をよく読んで左右どちらかの上唇の内側に入れて下さい。,１回１錠、１日４回、左右どちらかの上唇の内側に挿入する。,0,999,,,-16777216,,900,1,1,0,,,,,,,,,,,,,,,,,,,,,,,,
834,4,ﾗｷｿﾍﾞﾛﾝ,（便秘時）内服滴剤,１日１回　寝る前に医師の指示した滴数を、コップ半分〜１杯のお水に入れて飲んで下さい。,（便秘時）内服滴剤,0,999,0,999,-16777216,,,1,1,0,,,,,,,,,,,,,,,,,,,,,,,,
835,6,ｼｮｳﾄﾞｸﾔｸ,消毒薬　医師の指示に従って使用。,消毒薬　医師の指示に従ってお使いください。,消毒薬,0,999,0,999,-16777216,,,1,1,0,,,,,,,,,,,,,,,,,,,,,,,,
836,4,ｹﾝｻﾃｷｻﾞｲ,（検査前）　内服滴,医師の指示に従って、検査前日の夜服用して下さい。,（検査前）　内服滴,0,999,0,999,-16181,,,1,1,0,,,,,,,,,,,,,,,,,,,,,,,,
837,6,ｷﾕｳﾆﾕｳ2ｶｲｳｶﾞｲ,１日２回　吸入後、必ずうがいする。,医師の指示に従って、１日２回吸入して下さい。吸入後、必ずうがいをして下さい。,１日２回　吸入後、必ずうがいする。,0,999,,,-15132304,,900,1,1,0,,,,,,,,,,,,,,,,,,,,,,,,
838,6,ﾃﾝｶﾞﾝ1.3ﾚｲ,１日３回　点眼して下さい。冷蔵庫で保管。,１日３回　点眼して下さい。冷蔵庫で保管して下さい。,点眼剤,0,999,,,-16777216,,900,1,1,0,,,,,,,,,,,,,,,,,,,,,,,,
839,6,ｲｼｼｼﾞ,医師の指示通りにご使用下さい。,医師の指示通りにご使用下さい。,医師の指示通りにご使用下さい。,0,999,,,-16777216,,900,1,1,0,,,,,,,,,,,,,,,,,,,,,,,,
901,0,ﾄｳｾｷ,透析日分一朝食後,透析日の朝食後３０分にお飲み下さい。,透析日分一朝食後,0,999,0,999,-16777216,1,006,0,1,1,その他,,,,,,,,,,,,,,,,,,,,,,,
902,0,ﾄｳｾｷ,透析日分一昼食後,透析日の昼食後にお飲み下さい。,透析日分一昼食後,0,999,0,999,-16777216,4,009,0,1,1,その他,,,,,,,,,,,,,,,,,,,,,,,
903,0,ﾄｳｾｷ,透析日分一夕食後,透析日の夕食後３０分にお飲み下さい。,透析日分一夕食後,0,999,0,999,-16777216,,,0,1,1,その他,,,,,,,,,,,,,,,,,,,,,,,
904,0,ﾄｳｾｷ,透析日分一寝る前,透析日の寝る前におのみ下さい。,透析日分一寝る前,0,999,0,999,-16777216,,,0,1,1,その他,,,,,,,,,,,,,,,,,,,,,,,
907,0,ﾄｳｾｷ,透析日分二朝夕食後,透析日の朝・夕食後におのみ下さい。,透析日分二朝夕食後,0,999,0,999,-16777216,,,0,1,2,その他,,,,,,,,,,,,,,,,,,,,,,,
908,0,ﾄｳｾｷ,透析日分二昼夕食後,透析日の昼・夕食後におのみ下さい。,透析日分二昼夕食後,0,999,0,999,-16777216,,,0,1,2,その他,,,,,,,,,,,,,,,,,,,,,,,
910,0,ﾄｳｾｷ,透析日分三毎食後,透析日の毎食後におのみ下さい。,透析日分三毎食後,0,999,0,999,-16777216,,,0,1,3,その他,,,,,,,,,,,,,,,,,,,,,,,
911,0,ﾄｳｾｷ,透析日分三昼夕後就寝,透析日の昼・夕食後と寝る前におのみ下さい。,透析日分三昼夕後就寝,0,999,0,999,-16777216,,,0,1,3,その他,,,,,,,,,,,,,,,,,,,,,,,
951,0,ﾄｳｾｷ,非透析日分一朝食後,透析日以外の朝食後３０分にお飲み下さい。,非透析日分一朝食後,0,999,0,999,-16777216,,,0,1,1,その他,,,,,,,,,,,,,,,,,,,,,,,
952,0,ﾄｳｾｷ,非透析日分一朝食前,透析日以外の朝食前にお飲み下さい。,非透析日分一朝食前,0,999,0,999,-16777216,,,0,1,1,その他,,,,,,,,,,,,,,,,,,,,,,,
953,0,ﾄｳｾｷ,非透析日分一夕食後,透析日以外の夕食後にお飲み下さい。,非透析日分一夕食後,0,999,0,999,-16777216,,,0,1,1,その他,,,,,,,,,,,,,,,,,,,,,,,
954,0,ﾄｳｾｷ,非透析日分一寝る前,透析日以外の寝る前におのみ下さい。,非透析日分一寝る前,0,999,0,999,-16777216,,,0,1,1,その他,,,,,,,,,,,,,,,,,,,,,,,
957,0,ﾄｳｾｷ,非透析日分二朝夕食後,透析日以外の朝・夕食後におのみ下さい。,非透析日分二朝夕食後,0,999,0,999,-16777216,,,0,1,2,その他,,,,,,,,,,,,,,,,,,,,,,,
960,0,ﾄｳｾｷ,非透析日分三毎食後,透析日以外の毎食後におのみ下さい。,非透析日分三毎食後,0,999,0,999,-16777216,,,0,1,3,その他,,,,,,,,,,,,,,,,,,,,,,,
970,0,ﾄｳｾｷ,非透析日分四食後就寝,透析日以外の毎食後と寝る前におのみ下さい。,非透析日分四食後就寝,0,999,0,999,-16777216,,,0,1,3,その他,,,,,,,,,,,,,,,,,,,,,,,
980,0,3-5ﾁﾖｸｾﾝ,分三毎食直前服用,毎食直前にお飲みください。,分三毎食直前服用,0,999,0,999,-7722014,21,,0,1,3,朝,食直前,昼,食直前,夕,食直前,,,,,,,,,,,,,,,,,,
981,0,2-ﾏ-ﾛｱｻﾈﾙﾏｴ,分二朝食後寝る前マロ,朝食後３０分以内と寝る前にお飲み下さい。　　　　　瓶をよく振ってからお飲み下さい。,分二朝食後寝る前マロ,0,999,0,999,-7722014,,,0,1,2,その他,,,,,,,,,,,,,,,,,,,,,,,
982,0,3-ﾏﾛ,分三毎食後服用マロ,毎食後３０分以内にお飲み下さい。　　　　　　　　　瓶をよく振ってからお飲み下さい。,分三毎食後服用マロ,0,999,0,999,-16744448,,,0,1,3,その他,,,,,,,,,,,,,,,,,,,,,,,
983,0,3-ﾏｲｼﾖｸﾏﾛ,分三毎食間服用マ―ロ,毎食後２時間（空腹時）にお飲みください。　　　　　瓶をよく振ってからお飲みください。,分三毎食間服用マ―ロ,0,999,0,999,-16744448,,,0,1,3,その他,,,,,,,,,,,,,,,,,,,,,,,
984,0,3-ﾏｲｾﾝﾏﾛ,分三毎食前服用マ―ロ,毎食前３０分にお飲み下さい。　　　　　　　　　　　瓶をよく振ってからお飲み下さい。,分三毎食前服用マ―ロ,0,999,0,999,-16181,,,0,1,3,その他,,,,,,,,,,,,,,,,,,,,,,,
990,6,ｺﾝｺﾞｳ,以上を混合して製す。,医師の指示どおりに使用して下さい。,以上を混合し、医師の指示どおり使用。,0,999,0,999,-16777216,,900,1,1,0,,,,,,,,,,,,,,,,,,,,,,,,
992,0,2-4ｽｲｼｮｸｺﾞ,分２朝夕食後　水剤,指示された量を、朝・夕食後にお飲み下さい。,分２朝夕食後　水剤,0,999,0,999,-65536,,018,0,1,2,その他,,,,,,,,,,,,,,,,,,,,,,,
993,0,1-3ｲｼｼｼﾞ,分一医師の指示,１日１回医師の指示に従ってお飲みください。,分一医師の指示,0,999,0,999,-16711681,,900,0,1,1,その他,,,,,,,,,,,,,,,,,,,,,,,
994,0,2-2ｲｼｼｼﾞ,分二医師の指示,１日２回医師の指示に従ってお飲みください。,分二医師の指示,0,999,0,999,-16711681,,900,0,1,2,その他,,,,,,,,,,,,,,,,,,,,,,,
995,0,3-2ｲｼｼｼﾞ,分三医師の指示,１日３回　医師の指示に従ってお飲みください。,分三医師の指示,0,999,0,999,-16711681,,900,0,1,3,その他,,,,,,,,,,,,,,,,,,,,,,,
996,5,ｲｼｼｼﾞ,医師用法口授,医師の指示に従ってお飲みください。,医師用法口授,0,999,0,999,-16777216,,,1,1,0,,,,,,,,,,,,,,,,,,,,,,,,
997,0,5-ｲｼｼｼﾞ,分五医師の指示,医師の指示に従ってお飲み下さい,分五医師の指示,0,999,0,999,-16777216,,900,0,1,5,その他,,,,,,,,,,,,,,,,,,,,,,,
998,0,4-1ｲｼｼｼﾞ,分四医師の指示,医師の指示に従ってお飲み下さい,分四医師の指示,0,999,0,999,-16777216,,900,0,1,4,その他,,,,,,,,,,,,,,,,,,,,,,,
1000,5,ｲﾂｳｼﾞ,胃の痛い時,胃の痛い時に服用して下さい,胃の痛い時,0,999,,,-16777216,,,1,1,0,,,,,,,,,,,,,,,,,,,,,,,,
90001,5,ﾗｷｿﾍﾞﾛﾝ,（便秘時）内服滴剤,１日１回　寝る前に医師の指示した滴数を、コップ半分〜１杯のお水に入れて飲んで下さい。,（便秘時）内服滴剤,0,999,0,999,-16777216,,,1,1,0,,,,,,,,,,,,,,,,,,,,,,,,
90002,6,ｲｼｼｼﾞﾌﾛﾘｰﾄﾞｹﾞﾙ,医師指示,医師の指示に従ってお飲みください。,医師の指示に従ってお飲み下さい。,0,999,0,999,-16777216,,900,1,1,0,,,,,,,,,,,,,,,,,,,,,,,,
90003,0,ｲｼｼｼ,医師の指示,医師の指示に従っておのみ下さい。,医師の指示,0,999,,,-16777216,,,1,0,0,,,,,,,,,,,,,,,,,,,,,,,,
90004,5,1-ｲｼｼｼﾞ,分一医師の指示,１日１回医師の指示に従ってお飲みください。,分一医師の指示,0,999,0,999,-16711681,,900,0,1,1,その他,,,,,,,,,,,,,,,,,,,,,,,
90005,7,ｲﾝｼｭﾘﾝ,分一夕食前　注射,夕食前３０分に注射して下さい。,分一夕食前　注射,0,999,,,-16744448,,900,0,1,1,夕,食前,,,,,,,,,,,,,,,,,,,,,,
90006,5,ｹﾝｻﾃｷｻﾞｲ,（検査前）　内服滴,医師の指示に従って、検査前日の夜服用して下さい。,（検査前）　内服滴,0,999,0,999,-16181,,,1,1,0,,,,,,,,,,,,,,,,,,,,,,,,
90007,7,ｲｼｼｼﾞ,医師の指示通りにご使用下さい。,医師の指示通りにご使用下さい。,医師の指示通りに使用。,0,999,,,-16777216,,900,1,1,0,,,,,,,,,,,,,,,,,,,,,,,,
